dataset,source,status,requested_month,url,retrieval_time,rows,columns,source_columns,date_min,date_max,unique_zones,missingness,duplicates,saved_path,blocker,notes
actual_load,NYISO MIS P-58B,READY,2022-11,https://mis.nyiso.com/public/csv/pal/20221101pal_csv.zip,2026-07-17T10:31:27.255979-04:00,97427,"[""Time Stamp"", ""Time Zone"", ""Name"", ""PTID"", ""Load"", ""_source_file""]","[""Time Stamp"", ""Time Zone"", ""Name"", ""PTID"", ""Load"", ""_source_file""]",2022-11-01 00:00:00,2022-11-30 23:55:00,11.0,"{""Time Stamp"": 0, ""Time Zone"": 0, ""Name"": 0, ""PTID"": 0, ""Load"": 0, ""_source_file"": 0}",0,/Users/lin_/Numerati_Summer_NYISO/data/raw/nyiso/actual_load/20221101pal_csv.parquet,,
actual_load,NYISO MIS P-58B,READY,2022-12,https://mis.nyiso.com/public/csv/pal/20221201pal_csv.zip,2026-07-17T10:31:29.375391-04:00,102487,"[""Time Stamp"", ""Time Zone"", ""Name"", ""PTID"", ""Load"", ""_source_file""]","[""Time Stamp"", ""Time Zone"", ""Name"", ""PTID"", ""Load"", ""_source_file""]",2022-12-01 00:00:00,2022-12-31 23:55:00,11.0,"{""Time Stamp"": 0, ""Time Zone"": 0, ""Name"": 0, ""PTID"": 0, ""Load"": 0, ""_source_file"": 0}",0,/Users/lin_/Numerati_Summer_NYISO/data/raw/nyiso/actual_load/20221201pal_csv.parquet,,
actual_load,NYISO MIS P-58B,READY,2023-01,https://mis.nyiso.com/public/csv/pal/20230101pal_csv.zip,2026-07-17T10:31:31.644269-04:00,99902,"[""Time Stamp"", ""Time Zone"", ""Name"", ""PTID"", ""Load"", ""_source_file""]","[""Time Stamp"", ""Time Zone"", ""Name"", ""PTID"", ""Load"", ""_source_file""]",2023-01-01 00:00:00,2023-01-31 23:55:00,11.0,"{""Time Stamp"": 0, ""Time Zone"": 0, ""Name"": 0, ""PTID"": 0, ""Load"": 33, ""_source_file"": 0}",0,/Users/lin_/Numerati_Summer_NYISO/data/raw/nyiso/actual_load/20230101pal_csv.parquet,,
actual_load,NYISO MIS P-58B,READY,2023-02,https://mis.nyiso.com/public/csv/pal/20230201pal_csv.zip,2026-07-17T10:31:33.883459-04:00,92103,"[""Time Stamp"", ""Time Zone"", ""Name"", ""PTID"", ""Load"", ""_source_file""]","[""Time Stamp"", ""Time Zone"", ""Name"", ""PTID"", ""Load"", ""_source_file""]",2023-02-01 00:00:00,2023-02-28 23:55:00,11.0,"{""Time Stamp"": 0, ""Time Zone"": 0, ""Name"": 0, ""PTID"": 0, ""Load"": 0, ""_source_file"": 0}",0,/Users/lin_/Numerati_Summer_NYISO/data/raw/nyiso/actual_load/20230201pal_csv.parquet,,
actual_load,NYISO MIS P-58B,READY,2023-03,https://mis.nyiso.com/public/csv/pal/20230301pal_csv.zip,2026-07-17T10:31:35.596181-04:00,100881,"[""Time Stamp"", ""Time Zone"", ""Name"", ""PTID"", ""Load"", ""_source_file""]","[""Time Stamp"", ""Time Zone"", ""Name"", ""PTID"", ""Load"", ""_source_file""]",2023-03-01 00:00:00,2023-03-31 23:55:00,11.0,"{""Time Stamp"": 0, ""Time Zone"": 0, ""Name"": 0, ""PTID"": 0, ""Load"": 0, ""_source_file"": 0}",0,/Users/lin_/Numerati_Summer_NYISO/data/raw/nyiso/actual_load/20230301pal_csv.parquet,,
actual_load,NYISO MIS P-58B,READY,2023-04,https://mis.nyiso.com/public/csv/pal/20230401pal_csv.zip,2026-07-17T10:31:37.823163-04:00,97790,"[""Time Stamp"", ""Time Zone"", ""Name"", ""PTID"", ""Load"", ""_source_file""]","[""Time Stamp"", ""Time Zone"", ""Name"", ""PTID"", ""Load"", ""_source_file""]",2023-04-01 00:00:00,2023-04-30 23:55:00,11.0,"{""Time Stamp"": 0, ""Time Zone"": 0, ""Name"": 0, ""PTID"": 0, ""Load"": 0, ""_source_file"": 0}",0,/Users/lin_/Numerati_Summer_NYISO/data/raw/nyiso/actual_load/20230401pal_csv.parquet,,
actual_load,NYISO MIS P-58B,READY,2023-05,https://mis.nyiso.com/public/csv/pal/20230501pal_csv.zip,2026-07-17T10:31:39.966643-04:00,100760,"[""Time Stamp"", ""Time Zone"", ""Name"", ""PTID"", ""Load"", ""_source_file""]","[""Time Stamp"", ""Time Zone"", ""Name"", ""PTID"", ""Load"", ""_source_file""]",2023-05-01 00:00:00,2023-05-31 23:55:00,11.0,"{""Time Stamp"": 0, ""Time Zone"": 0, ""Name"": 0, ""PTID"": 0, ""Load"": 0, ""_source_file"": 0}",0,/Users/lin_/Numerati_Summer_NYISO/data/raw/nyiso/actual_load/20230501pal_csv.parquet,,
actual_load,NYISO MIS P-58B,READY,2023-06,https://mis.nyiso.com/public/csv/pal/20230601pal_csv.zip,2026-07-17T10:31:42.572216-04:00,96063,"[""Time Stamp"", ""Time Zone"", ""Name"", ""PTID"", ""Load"", ""_source_file""]","[""Time Stamp"", ""Time Zone"", ""Name"", ""PTID"", ""Load"", ""_source_file""]",2023-06-01 00:00:00,2023-06-30 23:55:00,11.0,"{""Time Stamp"": 0, ""Time Zone"": 0, ""Name"": 0, ""PTID"": 0, ""Load"": 0, ""_source_file"": 0}",0,/Users/lin_/Numerati_Summer_NYISO/data/raw/nyiso/actual_load/20230601pal_csv.parquet,,
actual_load,NYISO MIS P-58B,READY,2023-07,https://mis.nyiso.com/public/csv/pal/20230701pal_csv.zip,2026-07-17T10:31:44.961022-04:00,99935,"[""Time Stamp"", ""Time Zone"", ""Name"", ""PTID"", ""Load"", ""_source_file""]","[""Time Stamp"", ""Time Zone"", ""Name"", ""PTID"", ""Load"", ""_source_file""]",2023-07-01 00:00:00,2023-07-31 23:55:00,11.0,"{""Time Stamp"": 0, ""Time Zone"": 0, ""Name"": 0, ""PTID"": 0, ""Load"": 0, ""_source_file"": 0}",0,/Users/lin_/Numerati_Summer_NYISO/data/raw/nyiso/actual_load/20230701pal_csv.parquet,,
actual_load,NYISO MIS P-58B,READY,2023-08,https://mis.nyiso.com/public/csv/pal/20230801pal_csv.zip,2026-07-17T10:31:47.520248-04:00,100155,"[""Time Stamp"", ""Time Zone"", ""Name"", ""PTID"", ""Load"", ""_source_file""]","[""Time Stamp"", ""Time Zone"", ""Name"", ""PTID"", ""Load"", ""_source_file""]",2023-08-01 00:00:00,2023-08-31 23:55:00,11.0,"{""Time Stamp"": 0, ""Time Zone"": 0, ""Name"": 0, ""PTID"": 0, ""Load"": 0, ""_source_file"": 0}",0,/Users/lin_/Numerati_Summer_NYISO/data/raw/nyiso/actual_load/20230801pal_csv.parquet,,
actual_load,NYISO MIS P-58B,READY,2023-09,https://mis.nyiso.com/public/csv/pal/20230901pal_csv.zip,2026-07-17T10:31:49.610890-04:00,96690,"[""Time Stamp"", ""Time Zone"", ""Name"", ""PTID"", ""Load"", ""_source_file""]","[""Time Stamp"", ""Time Zone"", ""Name"", ""PTID"", ""Load"", ""_source_file""]",2023-09-01 00:00:00,2023-09-30 23:55:00,11.0,"{""Time Stamp"": 0, ""Time Zone"": 0, ""Name"": 0, ""PTID"": 0, ""Load"": 0, ""_source_file"": 0}",0,/Users/lin_/Numerati_Summer_NYISO/data/raw/nyiso/actual_load/20230901pal_csv.parquet,,
actual_load,NYISO MIS P-58B,READY,2023-10,https://mis.nyiso.com/public/csv/pal/20231001pal_csv.zip,2026-07-17T10:31:51.819622-04:00,99759,"[""Time Stamp"", ""Time Zone"", ""Name"", ""PTID"", ""Load"", ""_source_file""]","[""Time Stamp"", ""Time Zone"", ""Name"", ""PTID"", ""Load"", ""_source_file""]",2023-10-01 00:00:00,2023-10-31 23:55:00,11.0,"{""Time Stamp"": 0, ""Time Zone"": 0, ""Name"": 0, ""PTID"": 0, ""Load"": 0, ""_source_file"": 0}",0,/Users/lin_/Numerati_Summer_NYISO/data/raw/nyiso/actual_load/20231001pal_csv.parquet,,
actual_load,NYISO MIS P-58B,READY,2023-11,https://mis.nyiso.com/public/csv/pal/20231101pal_csv.zip,2026-07-17T10:31:53.757923-04:00,96844,"[""Time Stamp"", ""Time Zone"", ""Name"", ""PTID"", ""Load"", ""_source_file""]","[""Time Stamp"", ""Time Zone"", ""Name"", ""PTID"", ""Load"", ""_source_file""]",2023-11-01 00:00:00,2023-11-30 23:55:00,11.0,"{""Time Stamp"": 0, ""Time Zone"": 0, ""Name"": 0, ""PTID"": 0, ""Load"": 0, ""_source_file"": 0}",0,/Users/lin_/Numerati_Summer_NYISO/data/raw/nyiso/actual_load/20231101pal_csv.parquet,,
actual_load,NYISO MIS P-58B,READY,2023-12,https://mis.nyiso.com/public/csv/pal/20231201pal_csv.zip,2026-07-17T10:31:56.214995-04:00,99143,"[""Time Stamp"", ""Time Zone"", ""Name"", ""PTID"", ""Load"", ""_source_file""]","[""Time Stamp"", ""Time Zone"", ""Name"", ""PTID"", ""Load"", ""_source_file""]",2023-12-01 00:00:00,2023-12-31 23:55:00,11.0,"{""Time Stamp"": 0, ""Time Zone"": 0, ""Name"": 0, ""PTID"": 0, ""Load"": 0, ""_source_file"": 0}",0,/Users/lin_/Numerati_Summer_NYISO/data/raw/nyiso/actual_load/20231201pal_csv.parquet,,
actual_load,NYISO MIS P-58B,READY,2024-01,https://mis.nyiso.com/public/csv/pal/20240101pal_csv.zip,,100023,"[""Time Stamp"", ""Time Zone"", ""Name"", ""PTID"", ""Load""]","[""Time Stamp"", ""Time Zone"", ""Name"", ""PTID"", ""Load""]",2024-01-01 00:00:00,2024-01-31 23:55:00,11.0,"{""Time Stamp"": 0, ""Time Zone"": 0, ""Name"": 0, ""PTID"": 0, ""Load"": 0}",0,/Users/lin_/Numerati_Summer_NYISO/data/raw/nyiso/actual_load/20240101pal_csv.parquet,,Reused existing raw file; no archive download performed.
load_forecast,NYISO MIS P-7,READY,2022-11,https://mis.nyiso.com/public/csv/isolf/20221101isolf_csv.zip,2026-07-17T10:31:58.736501-04:00,4326,"[""Time Stamp"", ""Capitl"", ""Centrl"", ""Dunwod"", ""Genese"", ""Hud Vl"", ""Longil"", ""Mhk Vl"", ""Millwd"", ""N.Y.C."", ""North"", ""West"", ""NYISO"", ""_source_file""]","[""Time Stamp"", ""Capitl"", ""Centrl"", ""Dunwod"", ""Genese"", ""Hud Vl"", ""Longil"", ""Mhk Vl"", ""Millwd"", ""N.Y.C."", ""North"", ""West"", ""NYISO"", ""_source_file""]",2022-11-01 00:00:00,2022-12-05 23:00:00,,"{""Time Stamp"": 0, ""Capitl"": 0, ""Centrl"": 0, ""Dunwod"": 0, ""Genese"": 0, ""Hud Vl"": 0, ""Longil"": 0, ""Mhk Vl"": 0, ""Millwd"": 0, ""N.Y.C."": 0, ""North"": 0, ""West"": 0, ""NYISO"": 0, ""_source_file"": 0}",6,/Users/lin_/Numerati_Summer_NYISO/data/raw/nyiso/load_forecast/20221101isolf_csv.parquet,,
load_forecast,NYISO MIS P-7,READY,2022-12,https://mis.nyiso.com/public/csv/isolf/20221201isolf_csv.zip,2026-07-17T10:31:59.336930-04:00,4464,"[""Time Stamp"", ""Capitl"", ""Centrl"", ""Dunwod"", ""Genese"", ""Hud Vl"", ""Longil"", ""Mhk Vl"", ""Millwd"", ""N.Y.C."", ""North"", ""West"", ""NYISO"", ""_source_file""]","[""Time Stamp"", ""Capitl"", ""Centrl"", ""Dunwod"", ""Genese"", ""Hud Vl"", ""Longil"", ""Mhk Vl"", ""Millwd"", ""N.Y.C."", ""North"", ""West"", ""NYISO"", ""_source_file""]",2022-12-01 00:00:00,2023-01-05 23:00:00,,"{""Time Stamp"": 0, ""Capitl"": 0, ""Centrl"": 0, ""Dunwod"": 0, ""Genese"": 0, ""Hud Vl"": 0, ""Longil"": 0, ""Mhk Vl"": 0, ""Millwd"": 0, ""N.Y.C."": 0, ""North"": 0, ""West"": 0, ""NYISO"": 0, ""_source_file"": 0}",0,/Users/lin_/Numerati_Summer_NYISO/data/raw/nyiso/load_forecast/20221201isolf_csv.parquet,,
load_forecast,NYISO MIS P-7,READY,2023-01,https://mis.nyiso.com/public/csv/isolf/20230101isolf_csv.zip,2026-07-17T10:31:59.821962-04:00,4464,"[""Time Stamp"", ""Capitl"", ""Centrl"", ""Dunwod"", ""Genese"", ""Hud Vl"", ""Longil"", ""Mhk Vl"", ""Millwd"", ""N.Y.C."", ""North"", ""West"", ""NYISO"", ""_source_file""]","[""Time Stamp"", ""Capitl"", ""Centrl"", ""Dunwod"", ""Genese"", ""Hud Vl"", ""Longil"", ""Mhk Vl"", ""Millwd"", ""N.Y.C."", ""North"", ""West"", ""NYISO"", ""_source_file""]",2023-01-01 00:00:00,2023-02-05 23:00:00,,"{""Time Stamp"": 0, ""Capitl"": 0, ""Centrl"": 0, ""Dunwod"": 0, ""Genese"": 0, ""Hud Vl"": 0, ""Longil"": 0, ""Mhk Vl"": 0, ""Millwd"": 0, ""N.Y.C."": 0, ""North"": 0, ""West"": 0, ""NYISO"": 0, ""_source_file"": 0}",0,/Users/lin_/Numerati_Summer_NYISO/data/raw/nyiso/load_forecast/20230101isolf_csv.parquet,,
load_forecast,NYISO MIS P-7,READY,2023-02,https://mis.nyiso.com/public/csv/isolf/20230201isolf_csv.zip,2026-07-17T10:32:00.469654-04:00,4032,"[""Time Stamp"", ""Capitl"", ""Centrl"", ""Dunwod"", ""Genese"", ""Hud Vl"", ""Longil"", ""Mhk Vl"", ""Millwd"", ""N.Y.C."", ""North"", ""West"", ""NYISO"", ""_source_file""]","[""Time Stamp"", ""Capitl"", ""Centrl"", ""Dunwod"", ""Genese"", ""Hud Vl"", ""Longil"", ""Mhk Vl"", ""Millwd"", ""N.Y.C."", ""North"", ""West"", ""NYISO"", ""_source_file""]",2023-02-01 00:00:00,2023-03-05 23:00:00,,"{""Time Stamp"": 0, ""Capitl"": 0, ""Centrl"": 0, ""Dunwod"": 0, ""Genese"": 0, ""Hud Vl"": 0, ""Longil"": 0, ""Mhk Vl"": 0, ""Millwd"": 0, ""N.Y.C."": 0, ""North"": 0, ""West"": 0, ""NYISO"": 0, ""_source_file"": 0}",0,/Users/lin_/Numerati_Summer_NYISO/data/raw/nyiso/load_forecast/20230201isolf_csv.parquet,,
load_forecast,NYISO MIS P-7,READY,2023-03,https://mis.nyiso.com/public/csv/isolf/20230301isolf_csv.zip,2026-07-17T10:32:01.146454-04:00,4458,"[""Time Stamp"", ""Capitl"", ""Centrl"", ""Dunwod"", ""Genese"", ""Hud Vl"", ""Longil"", ""Mhk Vl"", ""Millwd"", ""N.Y.C."", ""North"", ""West"", ""NYISO"", ""_source_file""]","[""Time Stamp"", ""Capitl"", ""Centrl"", ""Dunwod"", ""Genese"", ""Hud Vl"", ""Longil"", ""Mhk Vl"", ""Millwd"", ""N.Y.C."", ""North"", ""West"", ""NYISO"", ""_source_file""]",2023-03-01 00:00:00,2023-04-05 23:00:00,,"{""Time Stamp"": 0, ""Capitl"": 0, ""Centrl"": 0, ""Dunwod"": 0, ""Genese"": 0, ""Hud Vl"": 0, ""Longil"": 0, ""Mhk Vl"": 0, ""Millwd"": 0, ""N.Y.C."": 0, ""North"": 0, ""West"": 0, ""NYISO"": 0, ""_source_file"": 0}",0,/Users/lin_/Numerati_Summer_NYISO/data/raw/nyiso/load_forecast/20230301isolf_csv.parquet,,
load_forecast,NYISO MIS P-7,READY,2023-04,https://mis.nyiso.com/public/csv/isolf/20230401isolf_csv.zip,2026-07-17T10:32:01.544006-04:00,4320,"[""Time Stamp"", ""Capitl"", ""Centrl"", ""Dunwod"", ""Genese"", ""Hud Vl"", ""Longil"", ""Mhk Vl"", ""Millwd"", ""N.Y.C."", ""North"", ""West"", ""NYISO"", ""_source_file""]","[""Time Stamp"", ""Capitl"", ""Centrl"", ""Dunwod"", ""Genese"", ""Hud Vl"", ""Longil"", ""Mhk Vl"", ""Millwd"", ""N.Y.C."", ""North"", ""West"", ""NYISO"", ""_source_file""]",2023-04-01 00:00:00,2023-05-05 23:00:00,,"{""Time Stamp"": 0, ""Capitl"": 0, ""Centrl"": 0, ""Dunwod"": 0, ""Genese"": 0, ""Hud Vl"": 0, ""Longil"": 0, ""Mhk Vl"": 0, ""Millwd"": 0, ""N.Y.C."": 0, ""North"": 0, ""West"": 0, ""NYISO"": 0, ""_source_file"": 0}",0,/Users/lin_/Numerati_Summer_NYISO/data/raw/nyiso/load_forecast/20230401isolf_csv.parquet,,
load_forecast,NYISO MIS P-7,READY,2023-05,https://mis.nyiso.com/public/csv/isolf/20230501isolf_csv.zip,2026-07-17T10:32:01.918532-04:00,4464,"[""Time Stamp"", ""Capitl"", ""Centrl"", ""Dunwod"", ""Genese"", ""Hud Vl"", ""Longil"", ""Mhk Vl"", ""Millwd"", ""N.Y.C."", ""North"", ""West"", ""NYISO"", ""_source_file""]","[""Time Stamp"", ""Capitl"", ""Centrl"", ""Dunwod"", ""Genese"", ""Hud Vl"", ""Longil"", ""Mhk Vl"", ""Millwd"", ""N.Y.C."", ""North"", ""West"", ""NYISO"", ""_source_file""]",2023-05-01 00:00:00,2023-06-05 23:00:00,,"{""Time Stamp"": 0, ""Capitl"": 0, ""Centrl"": 0, ""Dunwod"": 0, ""Genese"": 0, ""Hud Vl"": 0, ""Longil"": 0, ""Mhk Vl"": 0, ""Millwd"": 0, ""N.Y.C."": 0, ""North"": 0, ""West"": 0, ""NYISO"": 0, ""_source_file"": 0}",0,/Users/lin_/Numerati_Summer_NYISO/data/raw/nyiso/load_forecast/20230501isolf_csv.parquet,,
load_forecast,NYISO MIS P-7,READY,2023-06,https://mis.nyiso.com/public/csv/isolf/20230601isolf_csv.zip,2026-07-17T10:32:02.581190-04:00,4320,"[""Time Stamp"", ""Capitl"", ""Centrl"", ""Dunwod"", ""Genese"", ""Hud Vl"", ""Longil"", ""Mhk Vl"", ""Millwd"", ""N.Y.C."", ""North"", ""West"", ""NYISO"", ""_source_file""]","[""Time Stamp"", ""Capitl"", ""Centrl"", ""Dunwod"", ""Genese"", ""Hud Vl"", ""Longil"", ""Mhk Vl"", ""Millwd"", ""N.Y.C."", ""North"", ""West"", ""NYISO"", ""_source_file""]",2023-06-01 00:00:00,2023-07-05 23:00:00,,"{""Time Stamp"": 0, ""Capitl"": 0, ""Centrl"": 0, ""Dunwod"": 0, ""Genese"": 0, ""Hud Vl"": 0, ""Longil"": 0, ""Mhk Vl"": 0, ""Millwd"": 0, ""N.Y.C."": 0, ""North"": 0, ""West"": 0, ""NYISO"": 0, ""_source_file"": 0}",0,/Users/lin_/Numerati_Summer_NYISO/data/raw/nyiso/load_forecast/20230601isolf_csv.parquet,,
load_forecast,NYISO MIS P-7,READY,2023-07,https://mis.nyiso.com/public/csv/isolf/20230701isolf_csv.zip,2026-07-17T10:32:03.012787-04:00,4464,"[""Time Stamp"", ""Capitl"", ""Centrl"", ""Dunwod"", ""Genese"", ""Hud Vl"", ""Longil"", ""Mhk Vl"", ""Millwd"", ""N.Y.C."", ""North"", ""West"", ""NYISO"", ""_source_file""]","[""Time Stamp"", ""Capitl"", ""Centrl"", ""Dunwod"", ""Genese"", ""Hud Vl"", ""Longil"", ""Mhk Vl"", ""Millwd"", ""N.Y.C."", ""North"", ""West"", ""NYISO"", ""_source_file""]",2023-07-01 00:00:00,2023-08-05 23:00:00,,"{""Time Stamp"": 0, ""Capitl"": 0, ""Centrl"": 0, ""Dunwod"": 0, ""Genese"": 0, ""Hud Vl"": 0, ""Longil"": 0, ""Mhk Vl"": 0, ""Millwd"": 0, ""N.Y.C."": 0, ""North"": 0, ""West"": 0, ""NYISO"": 0, ""_source_file"": 0}",0,/Users/lin_/Numerati_Summer_NYISO/data/raw/nyiso/load_forecast/20230701isolf_csv.parquet,,
load_forecast,NYISO MIS P-7,READY,2023-08,https://mis.nyiso.com/public/csv/isolf/20230801isolf_csv.zip,2026-07-17T10:32:03.339435-04:00,4464,"[""Time Stamp"", ""Capitl"", ""Centrl"", ""Dunwod"", ""Genese"", ""Hud Vl"", ""Longil"", ""Mhk Vl"", ""Millwd"", ""N.Y.C."", ""North"", ""West"", ""NYISO"", ""_source_file""]","[""Time Stamp"", ""Capitl"", ""Centrl"", ""Dunwod"", ""Genese"", ""Hud Vl"", ""Longil"", ""Mhk Vl"", ""Millwd"", ""N.Y.C."", ""North"", ""West"", ""NYISO"", ""_source_file""]",2023-08-01 00:00:00,2023-09-05 23:00:00,,"{""Time Stamp"": 0, ""Capitl"": 0, ""Centrl"": 0, ""Dunwod"": 0, ""Genese"": 0, ""Hud Vl"": 0, ""Longil"": 0, ""Mhk Vl"": 0, ""Millwd"": 0, ""N.Y.C."": 0, ""North"": 0, ""West"": 0, ""NYISO"": 0, ""_source_file"": 0}",0,/Users/lin_/Numerati_Summer_NYISO/data/raw/nyiso/load_forecast/20230801isolf_csv.parquet,,
load_forecast,NYISO MIS P-7,READY,2023-09,https://mis.nyiso.com/public/csv/isolf/20230901isolf_csv.zip,2026-07-17T10:32:03.698437-04:00,4320,"[""Time Stamp"", ""Capitl"", ""Centrl"", ""Dunwod"", ""Genese"", ""Hud Vl"", ""Longil"", ""Mhk Vl"", ""Millwd"", ""N.Y.C."", ""North"", ""West"", ""NYISO"", ""_source_file""]","[""Time Stamp"", ""Capitl"", ""Centrl"", ""Dunwod"", ""Genese"", ""Hud Vl"", ""Longil"", ""Mhk Vl"", ""Millwd"", ""N.Y.C."", ""North"", ""West"", ""NYISO"", ""_source_file""]",2023-09-01 00:00:00,2023-10-05 23:00:00,,"{""Time Stamp"": 0, ""Capitl"": 0, ""Centrl"": 0, ""Dunwod"": 0, ""Genese"": 0, ""Hud Vl"": 0, ""Longil"": 0, ""Mhk Vl"": 0, ""Millwd"": 0, ""N.Y.C."": 0, ""North"": 0, ""West"": 0, ""NYISO"": 0, ""_source_file"": 0}",0,/Users/lin_/Numerati_Summer_NYISO/data/raw/nyiso/load_forecast/20230901isolf_csv.parquet,,
load_forecast,NYISO MIS P-7,READY,2023-10,https://mis.nyiso.com/public/csv/isolf/20231001isolf_csv.zip,2026-07-17T10:32:04.401864-04:00,4465,"[""Time Stamp"", ""Capitl"", ""Centrl"", ""Dunwod"", ""Genese"", ""Hud Vl"", ""Longil"", ""Mhk Vl"", ""Millwd"", ""N.Y.C."", ""North"", ""West"", ""NYISO"", ""_source_file""]","[""Time Stamp"", ""Capitl"", ""Centrl"", ""Dunwod"", ""Genese"", ""Hud Vl"", ""Longil"", ""Mhk Vl"", ""Millwd"", ""N.Y.C."", ""North"", ""West"", ""NYISO"", ""_source_file""]",2023-10-01 00:00:00,2023-11-05 23:00:00,,"{""Time Stamp"": 0, ""Capitl"": 0, ""Centrl"": 0, ""Dunwod"": 0, ""Genese"": 0, ""Hud Vl"": 0, ""Longil"": 0, ""Mhk Vl"": 0, ""Millwd"": 0, ""N.Y.C."": 0, ""North"": 0, ""West"": 0, ""NYISO"": 0, ""_source_file"": 0}",1,/Users/lin_/Numerati_Summer_NYISO/data/raw/nyiso/load_forecast/20231001isolf_csv.parquet,,
load_forecast,NYISO MIS P-7,READY,2023-11,https://mis.nyiso.com/public/csv/isolf/20231101isolf_csv.zip,2026-07-17T10:32:04.774898-04:00,4325,"[""Time Stamp"", ""Capitl"", ""Centrl"", ""Dunwod"", ""Genese"", ""Hud Vl"", ""Longil"", ""Mhk Vl"", ""Millwd"", ""N.Y.C."", ""North"", ""West"", ""NYISO"", ""_source_file""]","[""Time Stamp"", ""Capitl"", ""Centrl"", ""Dunwod"", ""Genese"", ""Hud Vl"", ""Longil"", ""Mhk Vl"", ""Millwd"", ""N.Y.C."", ""North"", ""West"", ""NYISO"", ""_source_file""]",2023-11-01 00:00:00,2023-12-05 23:00:00,,"{""Time Stamp"": 0, ""Capitl"": 0, ""Centrl"": 0, ""Dunwod"": 0, ""Genese"": 0, ""Hud Vl"": 0, ""Longil"": 0, ""Mhk Vl"": 0, ""Millwd"": 0, ""N.Y.C."": 0, ""North"": 0, ""West"": 0, ""NYISO"": 0, ""_source_file"": 0}",5,/Users/lin_/Numerati_Summer_NYISO/data/raw/nyiso/load_forecast/20231101isolf_csv.parquet,,
load_forecast,NYISO MIS P-7,READY,2023-12,https://mis.nyiso.com/public/csv/isolf/20231201isolf_csv.zip,2026-07-17T10:32:05.343437-04:00,4464,"[""Time Stamp"", ""Capitl"", ""Centrl"", ""Dunwod"", ""Genese"", ""Hud Vl"", ""Longil"", ""Mhk Vl"", ""Millwd"", ""N.Y.C."", ""North"", ""West"", ""NYISO"", ""_source_file""]","[""Time Stamp"", ""Capitl"", ""Centrl"", ""Dunwod"", ""Genese"", ""Hud Vl"", ""Longil"", ""Mhk Vl"", ""Millwd"", ""N.Y.C."", ""North"", ""West"", ""NYISO"", ""_source_file""]",2023-12-01 00:00:00,2024-01-05 23:00:00,,"{""Time Stamp"": 0, ""Capitl"": 0, ""Centrl"": 0, ""Dunwod"": 0, ""Genese"": 0, ""Hud Vl"": 0, ""Longil"": 0, ""Mhk Vl"": 0, ""Millwd"": 0, ""N.Y.C."": 0, ""North"": 0, ""West"": 0, ""NYISO"": 0, ""_source_file"": 0}",0,/Users/lin_/Numerati_Summer_NYISO/data/raw/nyiso/load_forecast/20231201isolf_csv.parquet,,
load_forecast,NYISO MIS P-7,READY,2024-01,https://mis.nyiso.com/public/csv/isolf/20240101isolf_csv.zip,,4464,"[""Time Stamp"", ""Capitl"", ""Centrl"", ""Dunwod"", ""Genese"", ""Hud Vl"", ""Longil"", ""Mhk Vl"", ""Millwd"", ""N.Y.C."", ""North"", ""West"", ""NYISO""]","[""Time Stamp"", ""Capitl"", ""Centrl"", ""Dunwod"", ""Genese"", ""Hud Vl"", ""Longil"", ""Mhk Vl"", ""Millwd"", ""N.Y.C."", ""North"", ""West"", ""NYISO""]",2024-01-01 00:00:00,2024-02-05 23:00:00,,"{""Time Stamp"": 0, ""Capitl"": 0, ""Centrl"": 0, ""Dunwod"": 0, ""Genese"": 0, ""Hud Vl"": 0, ""Longil"": 0, ""Mhk Vl"": 0, ""Millwd"": 0, ""N.Y.C."": 0, ""North"": 0, ""West"": 0, ""NYISO"": 0}",0,/Users/lin_/Numerati_Summer_NYISO/data/raw/nyiso/load_forecast/20240101isolf_csv.parquet,,Reused existing raw file; no archive download performed.
da_lbmp,NYISO MIS P-2A,READY,2022-11,https://mis.nyiso.com/public/csv/damlbmp/20221101damlbmp_zone_csv.zip,2026-07-17T10:32:06.485755-04:00,10815,"[""Time Stamp"", ""Name"", ""PTID"", ""LBMP ($/MWHr)"", ""Marginal Cost Losses ($/MWHr)"", ""Marginal Cost Congestion ($/MWHr)"", ""_source_file""]","[""Time Stamp"", ""Name"", ""PTID"", ""LBMP ($/MWHr)"", ""Marginal Cost Losses ($/MWHr)"", ""Marginal Cost Congestion ($/MWHr)"", ""_source_file""]",2022-11-01 00:00:00,2022-11-30 23:00:00,15.0,"{""Time Stamp"": 0, ""Name"": 0, ""PTID"": 0, ""LBMP ($/MWHr)"": 0, ""Marginal Cost Losses ($/MWHr)"": 0, ""Marginal Cost Congestion ($/MWHr)"": 0, ""_source_file"": 0}",0,/Users/lin_/Numerati_Summer_NYISO/data/raw/nyiso/da_lbmp/20221101damlbmp_zone_csv.parquet,,
da_lbmp,NYISO MIS P-2A,READY,2022-12,https://mis.nyiso.com/public/csv/damlbmp/20221201damlbmp_zone_csv.zip,2026-07-17T10:32:07.093743-04:00,11160,"[""Time Stamp"", ""Name"", ""PTID"", ""LBMP ($/MWHr)"", ""Marginal Cost Losses ($/MWHr)"", ""Marginal Cost Congestion ($/MWHr)"", ""_source_file""]","[""Time Stamp"", ""Name"", ""PTID"", ""LBMP ($/MWHr)"", ""Marginal Cost Losses ($/MWHr)"", ""Marginal Cost Congestion ($/MWHr)"", ""_source_file""]",2022-12-01 00:00:00,2022-12-31 23:00:00,15.0,"{""Time Stamp"": 0, ""Name"": 0, ""PTID"": 0, ""LBMP ($/MWHr)"": 0, ""Marginal Cost Losses ($/MWHr)"": 0, ""Marginal Cost Congestion ($/MWHr)"": 0, ""_source_file"": 0}",0,/Users/lin_/Numerati_Summer_NYISO/data/raw/nyiso/da_lbmp/20221201damlbmp_zone_csv.parquet,,
da_lbmp,NYISO MIS P-2A,READY,2023-01,https://mis.nyiso.com/public/csv/damlbmp/20230101damlbmp_zone_csv.zip,2026-07-17T10:32:07.492904-04:00,11160,"[""Time Stamp"", ""Name"", ""PTID"", ""LBMP ($/MWHr)"", ""Marginal Cost Losses ($/MWHr)"", ""Marginal Cost Congestion ($/MWHr)"", ""_source_file""]","[""Time Stamp"", ""Name"", ""PTID"", ""LBMP ($/MWHr)"", ""Marginal Cost Losses ($/MWHr)"", ""Marginal Cost Congestion ($/MWHr)"", ""_source_file""]",2023-01-01 00:00:00,2023-01-31 23:00:00,15.0,"{""Time Stamp"": 0, ""Name"": 0, ""PTID"": 0, ""LBMP ($/MWHr)"": 0, ""Marginal Cost Losses ($/MWHr)"": 0, ""Marginal Cost Congestion ($/MWHr)"": 0, ""_source_file"": 0}",0,/Users/lin_/Numerati_Summer_NYISO/data/raw/nyiso/da_lbmp/20230101damlbmp_zone_csv.parquet,,
da_lbmp,NYISO MIS P-2A,READY,2023-02,https://mis.nyiso.com/public/csv/damlbmp/20230201damlbmp_zone_csv.zip,2026-07-17T10:32:08.373601-04:00,10080,"[""Time Stamp"", ""Name"", ""PTID"", ""LBMP ($/MWHr)"", ""Marginal Cost Losses ($/MWHr)"", ""Marginal Cost Congestion ($/MWHr)"", ""_source_file""]","[""Time Stamp"", ""Name"", ""PTID"", ""LBMP ($/MWHr)"", ""Marginal Cost Losses ($/MWHr)"", ""Marginal Cost Congestion ($/MWHr)"", ""_source_file""]",2023-02-01 00:00:00,2023-02-28 23:00:00,15.0,"{""Time Stamp"": 0, ""Name"": 0, ""PTID"": 0, ""LBMP ($/MWHr)"": 0, ""Marginal Cost Losses ($/MWHr)"": 0, ""Marginal Cost Congestion ($/MWHr)"": 0, ""_source_file"": 0}",0,/Users/lin_/Numerati_Summer_NYISO/data/raw/nyiso/da_lbmp/20230201damlbmp_zone_csv.parquet,,
da_lbmp,NYISO MIS P-2A,READY,2023-03,https://mis.nyiso.com/public/csv/damlbmp/20230301damlbmp_zone_csv.zip,2026-07-17T10:32:08.777206-04:00,11145,"[""Time Stamp"", ""Name"", ""PTID"", ""LBMP ($/MWHr)"", ""Marginal Cost Losses ($/MWHr)"", ""Marginal Cost Congestion ($/MWHr)"", ""_source_file""]","[""Time Stamp"", ""Name"", ""PTID"", ""LBMP ($/MWHr)"", ""Marginal Cost Losses ($/MWHr)"", ""Marginal Cost Congestion ($/MWHr)"", ""_source_file""]",2023-03-01 00:00:00,2023-03-31 23:00:00,15.0,"{""Time Stamp"": 0, ""Name"": 0, ""PTID"": 0, ""LBMP ($/MWHr)"": 0, ""Marginal Cost Losses ($/MWHr)"": 0, ""Marginal Cost Congestion ($/MWHr)"": 0, ""_source_file"": 0}",0,/Users/lin_/Numerati_Summer_NYISO/data/raw/nyiso/da_lbmp/20230301damlbmp_zone_csv.parquet,,
da_lbmp,NYISO MIS P-2A,READY,2023-04,https://mis.nyiso.com/public/csv/damlbmp/20230401damlbmp_zone_csv.zip,2026-07-17T10:32:09.167830-04:00,10800,"[""Time Stamp"", ""Name"", ""PTID"", ""LBMP ($/MWHr)"", ""Marginal Cost Losses ($/MWHr)"", ""Marginal Cost Congestion ($/MWHr)"", ""_source_file""]","[""Time Stamp"", ""Name"", ""PTID"", ""LBMP ($/MWHr)"", ""Marginal Cost Losses ($/MWHr)"", ""Marginal Cost Congestion ($/MWHr)"", ""_source_file""]",2023-04-01 00:00:00,2023-04-30 23:00:00,15.0,"{""Time Stamp"": 0, ""Name"": 0, ""PTID"": 0, ""LBMP ($/MWHr)"": 0, ""Marginal Cost Losses ($/MWHr)"": 0, ""Marginal Cost Congestion ($/MWHr)"": 0, ""_source_file"": 0}",0,/Users/lin_/Numerati_Summer_NYISO/data/raw/nyiso/da_lbmp/20230401damlbmp_zone_csv.parquet,,
da_lbmp,NYISO MIS P-2A,READY,2023-05,https://mis.nyiso.com/public/csv/damlbmp/20230501damlbmp_zone_csv.zip,2026-07-17T10:32:09.571685-04:00,11160,"[""Time Stamp"", ""Name"", ""PTID"", ""LBMP ($/MWHr)"", ""Marginal Cost Losses ($/MWHr)"", ""Marginal Cost Congestion ($/MWHr)"", ""_source_file""]","[""Time Stamp"", ""Name"", ""PTID"", ""LBMP ($/MWHr)"", ""Marginal Cost Losses ($/MWHr)"", ""Marginal Cost Congestion ($/MWHr)"", ""_source_file""]",2023-05-01 00:00:00,2023-05-31 23:00:00,15.0,"{""Time Stamp"": 0, ""Name"": 0, ""PTID"": 0, ""LBMP ($/MWHr)"": 0, ""Marginal Cost Losses ($/MWHr)"": 0, ""Marginal Cost Congestion ($/MWHr)"": 0, ""_source_file"": 0}",0,/Users/lin_/Numerati_Summer_NYISO/data/raw/nyiso/da_lbmp/20230501damlbmp_zone_csv.parquet,,
da_lbmp,NYISO MIS P-2A,READY,2023-06,https://mis.nyiso.com/public/csv/damlbmp/20230601damlbmp_zone_csv.zip,2026-07-17T10:32:09.825641-04:00,10800,"[""Time Stamp"", ""Name"", ""PTID"", ""LBMP ($/MWHr)"", ""Marginal Cost Losses ($/MWHr)"", ""Marginal Cost Congestion ($/MWHr)"", ""_source_file""]","[""Time Stamp"", ""Name"", ""PTID"", ""LBMP ($/MWHr)"", ""Marginal Cost Losses ($/MWHr)"", ""Marginal Cost Congestion ($/MWHr)"", ""_source_file""]",2023-06-01 00:00:00,2023-06-30 23:00:00,15.0,"{""Time Stamp"": 0, ""Name"": 0, ""PTID"": 0, ""LBMP ($/MWHr)"": 0, ""Marginal Cost Losses ($/MWHr)"": 0, ""Marginal Cost Congestion ($/MWHr)"": 0, ""_source_file"": 0}",0,/Users/lin_/Numerati_Summer_NYISO/data/raw/nyiso/da_lbmp/20230601damlbmp_zone_csv.parquet,,
da_lbmp,NYISO MIS P-2A,READY,2023-07,https://mis.nyiso.com/public/csv/damlbmp/20230701damlbmp_zone_csv.zip,2026-07-17T10:32:10.369123-04:00,11160,"[""Time Stamp"", ""Name"", ""PTID"", ""LBMP ($/MWHr)"", ""Marginal Cost Losses ($/MWHr)"", ""Marginal Cost Congestion ($/MWHr)"", ""_source_file""]","[""Time Stamp"", ""Name"", ""PTID"", ""LBMP ($/MWHr)"", ""Marginal Cost Losses ($/MWHr)"", ""Marginal Cost Congestion ($/MWHr)"", ""_source_file""]",2023-07-01 00:00:00,2023-07-31 23:00:00,15.0,"{""Time Stamp"": 0, ""Name"": 0, ""PTID"": 0, ""LBMP ($/MWHr)"": 0, ""Marginal Cost Losses ($/MWHr)"": 0, ""Marginal Cost Congestion ($/MWHr)"": 0, ""_source_file"": 0}",0,/Users/lin_/Numerati_Summer_NYISO/data/raw/nyiso/da_lbmp/20230701damlbmp_zone_csv.parquet,,
da_lbmp,NYISO MIS P-2A,READY,2023-08,https://mis.nyiso.com/public/csv/damlbmp/20230801damlbmp_zone_csv.zip,2026-07-17T10:32:10.666361-04:00,11160,"[""Time Stamp"", ""Name"", ""PTID"", ""LBMP ($/MWHr)"", ""Marginal Cost Losses ($/MWHr)"", ""Marginal Cost Congestion ($/MWHr)"", ""_source_file""]","[""Time Stamp"", ""Name"", ""PTID"", ""LBMP ($/MWHr)"", ""Marginal Cost Losses ($/MWHr)"", ""Marginal Cost Congestion ($/MWHr)"", ""_source_file""]",2023-08-01 00:00:00,2023-08-31 23:00:00,15.0,"{""Time Stamp"": 0, ""Name"": 0, ""PTID"": 0, ""LBMP ($/MWHr)"": 0, ""Marginal Cost Losses ($/MWHr)"": 0, ""Marginal Cost Congestion ($/MWHr)"": 0, ""_source_file"": 0}",0,/Users/lin_/Numerati_Summer_NYISO/data/raw/nyiso/da_lbmp/20230801damlbmp_zone_csv.parquet,,
da_lbmp,NYISO MIS P-2A,READY,2023-09,https://mis.nyiso.com/public/csv/damlbmp/20230901damlbmp_zone_csv.zip,2026-07-17T10:32:11.128582-04:00,10800,"[""Time Stamp"", ""Name"", ""PTID"", ""LBMP ($/MWHr)"", ""Marginal Cost Losses ($/MWHr)"", ""Marginal Cost Congestion ($/MWHr)"", ""_source_file""]","[""Time Stamp"", ""Name"", ""PTID"", ""LBMP ($/MWHr)"", ""Marginal Cost Losses ($/MWHr)"", ""Marginal Cost Congestion ($/MWHr)"", ""_source_file""]",2023-09-01 00:00:00,2023-09-30 23:00:00,15.0,"{""Time Stamp"": 0, ""Name"": 0, ""PTID"": 0, ""LBMP ($/MWHr)"": 0, ""Marginal Cost Losses ($/MWHr)"": 0, ""Marginal Cost Congestion ($/MWHr)"": 0, ""_source_file"": 0}",0,/Users/lin_/Numerati_Summer_NYISO/data/raw/nyiso/da_lbmp/20230901damlbmp_zone_csv.parquet,,
da_lbmp,NYISO MIS P-2A,READY,2023-10,https://mis.nyiso.com/public/csv/damlbmp/20231001damlbmp_zone_csv.zip,2026-07-17T10:32:11.571370-04:00,11160,"[""Time Stamp"", ""Name"", ""PTID"", ""LBMP ($/MWHr)"", ""Marginal Cost Losses ($/MWHr)"", ""Marginal Cost Congestion ($/MWHr)"", ""_source_file""]","[""Time Stamp"", ""Name"", ""PTID"", ""LBMP ($/MWHr)"", ""Marginal Cost Losses ($/MWHr)"", ""Marginal Cost Congestion ($/MWHr)"", ""_source_file""]",2023-10-01 00:00:00,2023-10-31 23:00:00,15.0,"{""Time Stamp"": 0, ""Name"": 0, ""PTID"": 0, ""LBMP ($/MWHr)"": 0, ""Marginal Cost Losses ($/MWHr)"": 0, ""Marginal Cost Congestion ($/MWHr)"": 0, ""_source_file"": 0}",0,/Users/lin_/Numerati_Summer_NYISO/data/raw/nyiso/da_lbmp/20231001damlbmp_zone_csv.parquet,,
da_lbmp,NYISO MIS P-2A,READY,2023-11,https://mis.nyiso.com/public/csv/damlbmp/20231101damlbmp_zone_csv.zip,2026-07-17T10:32:11.876642-04:00,10815,"[""Time Stamp"", ""Name"", ""PTID"", ""LBMP ($/MWHr)"", ""Marginal Cost Losses ($/MWHr)"", ""Marginal Cost Congestion ($/MWHr)"", ""_source_file""]","[""Time Stamp"", ""Name"", ""PTID"", ""LBMP ($/MWHr)"", ""Marginal Cost Losses ($/MWHr)"", ""Marginal Cost Congestion ($/MWHr)"", ""_source_file""]",2023-11-01 00:00:00,2023-11-30 23:00:00,15.0,"{""Time Stamp"": 0, ""Name"": 0, ""PTID"": 0, ""LBMP ($/MWHr)"": 0, ""Marginal Cost Losses ($/MWHr)"": 0, ""Marginal Cost Congestion ($/MWHr)"": 0, ""_source_file"": 0}",0,/Users/lin_/Numerati_Summer_NYISO/data/raw/nyiso/da_lbmp/20231101damlbmp_zone_csv.parquet,,
da_lbmp,NYISO MIS P-2A,READY,2023-12,https://mis.nyiso.com/public/csv/damlbmp/20231201damlbmp_zone_csv.zip,2026-07-17T10:32:12.341703-04:00,11160,"[""Time Stamp"", ""Name"", ""PTID"", ""LBMP ($/MWHr)"", ""Marginal Cost Losses ($/MWHr)"", ""Marginal Cost Congestion ($/MWHr)"", ""_source_file""]","[""Time Stamp"", ""Name"", ""PTID"", ""LBMP ($/MWHr)"", ""Marginal Cost Losses ($/MWHr)"", ""Marginal Cost Congestion ($/MWHr)"", ""_source_file""]",2023-12-01 00:00:00,2023-12-31 23:00:00,15.0,"{""Time Stamp"": 0, ""Name"": 0, ""PTID"": 0, ""LBMP ($/MWHr)"": 0, ""Marginal Cost Losses ($/MWHr)"": 0, ""Marginal Cost Congestion ($/MWHr)"": 0, ""_source_file"": 0}",0,/Users/lin_/Numerati_Summer_NYISO/data/raw/nyiso/da_lbmp/20231201damlbmp_zone_csv.parquet,,
da_lbmp,NYISO MIS P-2A,READY,2024-01,https://mis.nyiso.com/public/csv/damlbmp/20240101damlbmp_zone_csv.zip,,11160,"[""Time Stamp"", ""Name"", ""PTID"", ""LBMP ($/MWHr)"", ""Marginal Cost Losses ($/MWHr)"", ""Marginal Cost Congestion ($/MWHr)""]","[""Time Stamp"", ""Name"", ""PTID"", ""LBMP ($/MWHr)"", ""Marginal Cost Losses ($/MWHr)"", ""Marginal Cost Congestion ($/MWHr)""]",2024-01-01 00:00:00,2024-01-31 23:00:00,15.0,"{""Time Stamp"": 0, ""Name"": 0, ""PTID"": 0, ""LBMP ($/MWHr)"": 0, ""Marginal Cost Losses ($/MWHr)"": 0, ""Marginal Cost Congestion ($/MWHr)"": 0}",0,/Users/lin_/Numerati_Summer_NYISO/data/raw/nyiso/da_lbmp/20240101damlbmp_zone_csv.parquet,,Reused existing raw file; no archive download performed.
rt_lbmp,NYISO MIS P-24A,READY,2022-11,https://mis.nyiso.com/public/csv/realtime/20221101realtime_zone_csv.zip,2026-07-17T10:32:12.866568-04:00,132855,"[""Time Stamp"", ""Name"", ""PTID"", ""LBMP ($/MWHr)"", ""Marginal Cost Losses ($/MWHr)"", ""Marginal Cost Congestion ($/MWHr)"", ""_source_file""]","[""Time Stamp"", ""Name"", ""PTID"", ""LBMP ($/MWHr)"", ""Marginal Cost Losses ($/MWHr)"", ""Marginal Cost Congestion ($/MWHr)"", ""_source_file""]",2022-11-01 00:05:00,2022-12-01 00:00:00,15.0,"{""Time Stamp"": 0, ""Name"": 0, ""PTID"": 0, ""LBMP ($/MWHr)"": 0, ""Marginal Cost Losses ($/MWHr)"": 0, ""Marginal Cost Congestion ($/MWHr)"": 0, ""_source_file"": 0}",0,/Users/lin_/Numerati_Summer_NYISO/data/raw/nyiso/rt_lbmp/20221101realtime_zone_csv.parquet,,
rt_lbmp,NYISO MIS P-24A,READY,2022-12,https://mis.nyiso.com/public/csv/realtime/20221201realtime_zone_csv.zip,2026-07-17T10:32:15.139697-04:00,139755,"[""Time Stamp"", ""Name"", ""PTID"", ""LBMP ($/MWHr)"", ""Marginal Cost Losses ($/MWHr)"", ""Marginal Cost Congestion ($/MWHr)"", ""_source_file""]","[""Time Stamp"", ""Name"", ""PTID"", ""LBMP ($/MWHr)"", ""Marginal Cost Losses ($/MWHr)"", ""Marginal Cost Congestion ($/MWHr)"", ""_source_file""]",2022-12-01 00:05:00,2023-01-01 00:00:00,15.0,"{""Time Stamp"": 0, ""Name"": 0, ""PTID"": 0, ""LBMP ($/MWHr)"": 0, ""Marginal Cost Losses ($/MWHr)"": 0, ""Marginal Cost Congestion ($/MWHr)"": 0, ""_source_file"": 0}",0,/Users/lin_/Numerati_Summer_NYISO/data/raw/nyiso/rt_lbmp/20221201realtime_zone_csv.parquet,,
rt_lbmp,NYISO MIS P-24A,READY,2023-01,https://mis.nyiso.com/public/csv/realtime/20230101realtime_zone_csv.zip,2026-07-17T10:32:19.065541-04:00,136230,"[""Time Stamp"", ""Name"", ""PTID"", ""LBMP ($/MWHr)"", ""Marginal Cost Losses ($/MWHr)"", ""Marginal Cost Congestion ($/MWHr)"", ""_source_file""]","[""Time Stamp"", ""Name"", ""PTID"", ""LBMP ($/MWHr)"", ""Marginal Cost Losses ($/MWHr)"", ""Marginal Cost Congestion ($/MWHr)"", ""_source_file""]",2023-01-01 00:05:00,2023-02-01 00:00:00,15.0,"{""Time Stamp"": 0, ""Name"": 0, ""PTID"": 0, ""LBMP ($/MWHr)"": 0, ""Marginal Cost Losses ($/MWHr)"": 0, ""Marginal Cost Congestion ($/MWHr)"": 0, ""_source_file"": 0}",0,/Users/lin_/Numerati_Summer_NYISO/data/raw/nyiso/rt_lbmp/20230101realtime_zone_csv.parquet,,
rt_lbmp,NYISO MIS P-24A,READY,2023-02,https://mis.nyiso.com/public/csv/realtime/20230201realtime_zone_csv.zip,2026-07-17T10:32:22.622270-04:00,125595,"[""Time Stamp"", ""Name"", ""PTID"", ""LBMP ($/MWHr)"", ""Marginal Cost Losses ($/MWHr)"", ""Marginal Cost Congestion ($/MWHr)"", ""_source_file""]","[""Time Stamp"", ""Name"", ""PTID"", ""LBMP ($/MWHr)"", ""Marginal Cost Losses ($/MWHr)"", ""Marginal Cost Congestion ($/MWHr)"", ""_source_file""]",2023-02-01 00:05:00,2023-03-01 00:00:00,15.0,"{""Time Stamp"": 0, ""Name"": 0, ""PTID"": 0, ""LBMP ($/MWHr)"": 0, ""Marginal Cost Losses ($/MWHr)"": 0, ""Marginal Cost Congestion ($/MWHr)"": 0, ""_source_file"": 0}",0,/Users/lin_/Numerati_Summer_NYISO/data/raw/nyiso/rt_lbmp/20230201realtime_zone_csv.parquet,,
rt_lbmp,NYISO MIS P-24A,READY,2023-03,https://mis.nyiso.com/public/csv/realtime/20230301realtime_zone_csv.zip,2026-07-17T10:32:25.561718-04:00,137565,"[""Time Stamp"", ""Name"", ""PTID"", ""LBMP ($/MWHr)"", ""Marginal Cost Losses ($/MWHr)"", ""Marginal Cost Congestion ($/MWHr)"", ""_source_file""]","[""Time Stamp"", ""Name"", ""PTID"", ""LBMP ($/MWHr)"", ""Marginal Cost Losses ($/MWHr)"", ""Marginal Cost Congestion ($/MWHr)"", ""_source_file""]",2023-03-01 00:05:00,2023-04-01 00:00:00,15.0,"{""Time Stamp"": 0, ""Name"": 0, ""PTID"": 0, ""LBMP ($/MWHr)"": 0, ""Marginal Cost Losses ($/MWHr)"": 0, ""Marginal Cost Congestion ($/MWHr)"": 0, ""_source_file"": 0}",0,/Users/lin_/Numerati_Summer_NYISO/data/raw/nyiso/rt_lbmp/20230301realtime_zone_csv.parquet,,
rt_lbmp,NYISO MIS P-24A,READY,2023-04,https://mis.nyiso.com/public/csv/realtime/20230401realtime_zone_csv.zip,2026-07-17T10:32:28.538322-04:00,133350,"[""Time Stamp"", ""Name"", ""PTID"", ""LBMP ($/MWHr)"", ""Marginal Cost Losses ($/MWHr)"", ""Marginal Cost Congestion ($/MWHr)"", ""_source_file""]","[""Time Stamp"", ""Name"", ""PTID"", ""LBMP ($/MWHr)"", ""Marginal Cost Losses ($/MWHr)"", ""Marginal Cost Congestion ($/MWHr)"", ""_source_file""]",2023-04-01 00:03:59,2023-05-01 00:00:00,15.0,"{""Time Stamp"": 0, ""Name"": 0, ""PTID"": 0, ""LBMP ($/MWHr)"": 0, ""Marginal Cost Losses ($/MWHr)"": 0, ""Marginal Cost Congestion ($/MWHr)"": 0, ""_source_file"": 0}",0,/Users/lin_/Numerati_Summer_NYISO/data/raw/nyiso/rt_lbmp/20230401realtime_zone_csv.parquet,,
rt_lbmp,NYISO MIS P-24A,READY,2023-05,https://mis.nyiso.com/public/csv/realtime/20230501realtime_zone_csv.zip,2026-07-17T10:32:31.305882-04:00,137400,"[""Time Stamp"", ""Name"", ""PTID"", ""LBMP ($/MWHr)"", ""Marginal Cost Losses ($/MWHr)"", ""Marginal Cost Congestion ($/MWHr)"", ""_source_file""]","[""Time Stamp"", ""Name"", ""PTID"", ""LBMP ($/MWHr)"", ""Marginal Cost Losses ($/MWHr)"", ""Marginal Cost Congestion ($/MWHr)"", ""_source_file""]",2023-05-01 00:05:00,2023-06-01 00:00:00,15.0,"{""Time Stamp"": 0, ""Name"": 0, ""PTID"": 0, ""LBMP ($/MWHr)"": 0, ""Marginal Cost Losses ($/MWHr)"": 0, ""Marginal Cost Congestion ($/MWHr)"": 0, ""_source_file"": 0}",0,/Users/lin_/Numerati_Summer_NYISO/data/raw/nyiso/rt_lbmp/20230501realtime_zone_csv.parquet,,
rt_lbmp,NYISO MIS P-24A,READY,2023-06,https://mis.nyiso.com/public/csv/realtime/20230601realtime_zone_csv.zip,2026-07-17T10:32:33.729522-04:00,130995,"[""Time Stamp"", ""Name"", ""PTID"", ""LBMP ($/MWHr)"", ""Marginal Cost Losses ($/MWHr)"", ""Marginal Cost Congestion ($/MWHr)"", ""_source_file""]","[""Time Stamp"", ""Name"", ""PTID"", ""LBMP ($/MWHr)"", ""Marginal Cost Losses ($/MWHr)"", ""Marginal Cost Congestion ($/MWHr)"", ""_source_file""]",2023-06-01 00:05:00,2023-07-01 00:00:00,15.0,"{""Time Stamp"": 0, ""Name"": 0, ""PTID"": 0, ""LBMP ($/MWHr)"": 0, ""Marginal Cost Losses ($/MWHr)"": 0, ""Marginal Cost Congestion ($/MWHr)"": 0, ""_source_file"": 0}",0,/Users/lin_/Numerati_Summer_NYISO/data/raw/nyiso/rt_lbmp/20230601realtime_zone_csv.parquet,,
rt_lbmp,NYISO MIS P-24A,READY,2023-07,https://mis.nyiso.com/public/csv/realtime/20230701realtime_zone_csv.zip,2026-07-17T10:32:36.726367-04:00,136275,"[""Time Stamp"", ""Name"", ""PTID"", ""LBMP ($/MWHr)"", ""Marginal Cost Losses ($/MWHr)"", ""Marginal Cost Congestion ($/MWHr)"", ""_source_file""]","[""Time Stamp"", ""Name"", ""PTID"", ""LBMP ($/MWHr)"", ""Marginal Cost Losses ($/MWHr)"", ""Marginal Cost Congestion ($/MWHr)"", ""_source_file""]",2023-07-01 00:05:00,2023-08-01 00:00:00,15.0,"{""Time Stamp"": 0, ""Name"": 0, ""PTID"": 0, ""LBMP ($/MWHr)"": 0, ""Marginal Cost Losses ($/MWHr)"": 0, ""Marginal Cost Congestion ($/MWHr)"": 0, ""_source_file"": 0}",0,/Users/lin_/Numerati_Summer_NYISO/data/raw/nyiso/rt_lbmp/20230701realtime_zone_csv.parquet,,
rt_lbmp,NYISO MIS P-24A,READY,2023-08,https://mis.nyiso.com/public/csv/realtime/20230801realtime_zone_csv.zip,2026-07-17T10:32:40.001388-04:00,136605,"[""Time Stamp"", ""Name"", ""PTID"", ""LBMP ($/MWHr)"", ""Marginal Cost Losses ($/MWHr)"", ""Marginal Cost Congestion ($/MWHr)"", ""_source_file""]","[""Time Stamp"", ""Name"", ""PTID"", ""LBMP ($/MWHr)"", ""Marginal Cost Losses ($/MWHr)"", ""Marginal Cost Congestion ($/MWHr)"", ""_source_file""]",2023-08-01 00:05:00,2023-09-01 00:00:00,15.0,"{""Time Stamp"": 0, ""Name"": 0, ""PTID"": 0, ""LBMP ($/MWHr)"": 0, ""Marginal Cost Losses ($/MWHr)"": 0, ""Marginal Cost Congestion ($/MWHr)"": 0, ""_source_file"": 0}",0,/Users/lin_/Numerati_Summer_NYISO/data/raw/nyiso/rt_lbmp/20230801realtime_zone_csv.parquet,,
rt_lbmp,NYISO MIS P-24A,READY,2023-09,https://mis.nyiso.com/public/csv/realtime/20230901realtime_zone_csv.zip,2026-07-17T10:32:43.363554-04:00,131850,"[""Time Stamp"", ""Name"", ""PTID"", ""LBMP ($/MWHr)"", ""Marginal Cost Losses ($/MWHr)"", ""Marginal Cost Congestion ($/MWHr)"", ""_source_file""]","[""Time Stamp"", ""Name"", ""PTID"", ""LBMP ($/MWHr)"", ""Marginal Cost Losses ($/MWHr)"", ""Marginal Cost Congestion ($/MWHr)"", ""_source_file""]",2023-09-01 00:05:00,2023-10-01 00:00:00,15.0,"{""Time Stamp"": 0, ""Name"": 0, ""PTID"": 0, ""LBMP ($/MWHr)"": 0, ""Marginal Cost Losses ($/MWHr)"": 0, ""Marginal Cost Congestion ($/MWHr)"": 0, ""_source_file"": 0}",0,/Users/lin_/Numerati_Summer_NYISO/data/raw/nyiso/rt_lbmp/20230901realtime_zone_csv.parquet,,
rt_lbmp,NYISO MIS P-24A,READY,2023-10,https://mis.nyiso.com/public/csv/realtime/20231001realtime_zone_csv.zip,2026-07-17T10:32:45.055444-04:00,136035,"[""Time Stamp"", ""Name"", ""PTID"", ""LBMP ($/MWHr)"", ""Marginal Cost Losses ($/MWHr)"", ""Marginal Cost Congestion ($/MWHr)"", ""_source_file""]","[""Time Stamp"", ""Name"", ""PTID"", ""LBMP ($/MWHr)"", ""Marginal Cost Losses ($/MWHr)"", ""Marginal Cost Congestion ($/MWHr)"", ""_source_file""]",2023-10-01 00:05:00,2023-11-01 00:00:00,15.0,"{""Time Stamp"": 0, ""Name"": 0, ""PTID"": 0, ""LBMP ($/MWHr)"": 0, ""Marginal Cost Losses ($/MWHr)"": 0, ""Marginal Cost Congestion ($/MWHr)"": 0, ""_source_file"": 0}",0,/Users/lin_/Numerati_Summer_NYISO/data/raw/nyiso/rt_lbmp/20231001realtime_zone_csv.parquet,,
rt_lbmp,NYISO MIS P-24A,READY,2023-11,https://mis.nyiso.com/public/csv/realtime/20231101realtime_zone_csv.zip,2026-07-17T10:32:47.796041-04:00,132060,"[""Time Stamp"", ""Name"", ""PTID"", ""LBMP ($/MWHr)"", ""Marginal Cost Losses ($/MWHr)"", ""Marginal Cost Congestion ($/MWHr)"", ""_source_file""]","[""Time Stamp"", ""Name"", ""PTID"", ""LBMP ($/MWHr)"", ""Marginal Cost Losses ($/MWHr)"", ""Marginal Cost Congestion ($/MWHr)"", ""_source_file""]",2023-11-01 00:05:00,2023-12-01 00:00:00,15.0,"{""Time Stamp"": 0, ""Name"": 0, ""PTID"": 0, ""LBMP ($/MWHr)"": 0, ""Marginal Cost Losses ($/MWHr)"": 0, ""Marginal Cost Congestion ($/MWHr)"": 0, ""_source_file"": 0}",0,/Users/lin_/Numerati_Summer_NYISO/data/raw/nyiso/rt_lbmp/20231101realtime_zone_csv.parquet,,
rt_lbmp,NYISO MIS P-24A,READY,2023-12,https://mis.nyiso.com/public/csv/realtime/20231201realtime_zone_csv.zip,2026-07-17T10:32:54.333752-04:00,135195,"[""Time Stamp"", ""Name"", ""PTID"", ""LBMP ($/MWHr)"", ""Marginal Cost Losses ($/MWHr)"", ""Marginal Cost Congestion ($/MWHr)"", ""_source_file""]","[""Time Stamp"", ""Name"", ""PTID"", ""LBMP ($/MWHr)"", ""Marginal Cost Losses ($/MWHr)"", ""Marginal Cost Congestion ($/MWHr)"", ""_source_file""]",2023-12-01 00:02:34,2024-01-01 00:00:00,15.0,"{""Time Stamp"": 0, ""Name"": 0, ""PTID"": 0, ""LBMP ($/MWHr)"": 0, ""Marginal Cost Losses ($/MWHr)"": 0, ""Marginal Cost Congestion ($/MWHr)"": 0, ""_source_file"": 0}",0,/Users/lin_/Numerati_Summer_NYISO/data/raw/nyiso/rt_lbmp/20231201realtime_zone_csv.parquet,,
rt_lbmp,NYISO MIS P-24A,READY,2024-01,https://mis.nyiso.com/public/csv/realtime/20240101realtime_zone_csv.zip,,136395,"[""Time Stamp"", ""Name"", ""PTID"", ""LBMP ($/MWHr)"", ""Marginal Cost Losses ($/MWHr)"", ""Marginal Cost Congestion ($/MWHr)""]","[""Time Stamp"", ""Name"", ""PTID"", ""LBMP ($/MWHr)"", ""Marginal Cost Losses ($/MWHr)"", ""Marginal Cost Congestion ($/MWHr)""]",2024-01-01 00:05:00,2024-02-01 00:00:00,15.0,"{""Time Stamp"": 0, ""Name"": 0, ""PTID"": 0, ""LBMP ($/MWHr)"": 0, ""Marginal Cost Losses ($/MWHr)"": 0, ""Marginal Cost Congestion ($/MWHr)"": 0}",0,/Users/lin_/Numerati_Summer_NYISO/data/raw/nyiso/rt_lbmp/20240101realtime_zone_csv.parquet,,Reused existing raw file; no archive download performed.
rt_scheduled_transmission_outages,NYISO MIS P-54A,READY,2022-11,https://mis.nyiso.com/public/csv/schedlineoutages/20221101SCLineOutages_csv.zip,2026-07-17T10:32:59.669478-04:00,1777381,"[""Timestamp"", ""PTID"", ""Equipment Name"", ""Scheduled Out Date/Time"", ""Scheduled In Date/Time"", ""_source_file""]","[""Timestamp"", ""PTID"", ""Equipment Name"", ""Scheduled Out Date/Time"", ""Scheduled In Date/Time"", ""_source_file""]",2022-11-01 00:00:00,2022-11-30 23:55:00,,"{""Timestamp"": 0, ""PTID"": 0, ""Equipment Name"": 0, ""Scheduled Out Date/Time"": 0, ""Scheduled In Date/Time"": 0, ""_source_file"": 0}",6358,/Users/lin_/Numerati_Summer_NYISO/data/raw/nyiso/rt_scheduled_transmission_outages/20221101SCLineOutages_csv.parquet,,
rt_scheduled_transmission_outages,NYISO MIS P-54A,READY,2022-12,https://mis.nyiso.com/public/csv/schedlineoutages/20221201SCLineOutages_csv.zip,2026-07-17T10:33:33.747085-04:00,1519419,"[""Timestamp"", ""PTID"", ""Equipment Name"", ""Scheduled Out Date/Time"", ""Scheduled In Date/Time"", ""_source_file""]","[""Timestamp"", ""PTID"", ""Equipment Name"", ""Scheduled Out Date/Time"", ""Scheduled In Date/Time"", ""_source_file""]",2022-12-01 00:00:00,2022-12-31 23:55:00,,"{""Timestamp"": 0, ""PTID"": 0, ""Equipment Name"": 0, ""Scheduled Out Date/Time"": 0, ""Scheduled In Date/Time"": 0, ""_source_file"": 0}",6874,/Users/lin_/Numerati_Summer_NYISO/data/raw/nyiso/rt_scheduled_transmission_outages/20221201SCLineOutages_csv.parquet,,
rt_scheduled_transmission_outages,NYISO MIS P-54A,READY,2023-01,https://mis.nyiso.com/public/csv/schedlineoutages/20230101SCLineOutages_csv.zip,2026-07-17T10:34:04.237058-04:00,1514564,"[""Timestamp"", ""PTID"", ""Equipment Name"", ""Scheduled Out Date/Time"", ""Scheduled In Date/Time"", ""_source_file""]","[""Timestamp"", ""PTID"", ""Equipment Name"", ""Scheduled Out Date/Time"", ""Scheduled In Date/Time"", ""_source_file""]",2023-01-01 00:00:00,2023-01-31 23:55:00,,"{""Timestamp"": 0, ""PTID"": 0, ""Equipment Name"": 0, ""Scheduled Out Date/Time"": 0, ""Scheduled In Date/Time"": 0, ""_source_file"": 0}",3691,/Users/lin_/Numerati_Summer_NYISO/data/raw/nyiso/rt_scheduled_transmission_outages/20230101SCLineOutages_csv.parquet,,
rt_scheduled_transmission_outages,NYISO MIS P-54A,READY,2023-02,https://mis.nyiso.com/public/csv/schedlineoutages/20230201SCLineOutages_csv.zip,2026-07-17T10:34:27.305040-04:00,1343978,"[""Timestamp"", ""PTID"", ""Equipment Name"", ""Scheduled Out Date/Time"", ""Scheduled In Date/Time"", ""_source_file""]","[""Timestamp"", ""PTID"", ""Equipment Name"", ""Scheduled Out Date/Time"", ""Scheduled In Date/Time"", ""_source_file""]",2023-02-01 00:00:00,2023-02-28 23:55:00,,"{""Timestamp"": 0, ""PTID"": 0, ""Equipment Name"": 0, ""Scheduled Out Date/Time"": 0, ""Scheduled In Date/Time"": 0, ""_source_file"": 0}",6802,/Users/lin_/Numerati_Summer_NYISO/data/raw/nyiso/rt_scheduled_transmission_outages/20230201SCLineOutages_csv.parquet,,
rt_scheduled_transmission_outages,NYISO MIS P-54A,READY,2023-03,https://mis.nyiso.com/public/csv/schedlineoutages/20230301SCLineOutages_csv.zip,2026-07-17T10:34:42.451446-04:00,1779687,"[""Timestamp"", ""PTID"", ""Equipment Name"", ""Scheduled Out Date/Time"", ""Scheduled In Date/Time"", ""_source_file""]","[""Timestamp"", ""PTID"", ""Equipment Name"", ""Scheduled Out Date/Time"", ""Scheduled In Date/Time"", ""_source_file""]",2023-03-01 00:00:00,2023-03-31 23:55:00,,"{""Timestamp"": 0, ""PTID"": 0, ""Equipment Name"": 0, ""Scheduled Out Date/Time"": 0, ""Scheduled In Date/Time"": 0, ""_source_file"": 0}",4878,/Users/lin_/Numerati_Summer_NYISO/data/raw/nyiso/rt_scheduled_transmission_outages/20230301SCLineOutages_csv.parquet,,
rt_scheduled_transmission_outages,NYISO MIS P-54A,READY,2023-04,https://mis.nyiso.com/public/csv/schedlineoutages/20230401SCLineOutages_csv.zip,2026-07-17T10:35:01.141748-04:00,1819931,"[""Timestamp"", ""PTID"", ""Equipment Name"", ""Scheduled Out Date/Time"", ""Scheduled In Date/Time"", ""_source_file""]","[""Timestamp"", ""PTID"", ""Equipment Name"", ""Scheduled Out Date/Time"", ""Scheduled In Date/Time"", ""_source_file""]",2023-04-01 00:00:00,2023-04-30 23:55:00,,"{""Timestamp"": 0, ""PTID"": 0, ""Equipment Name"": 0, ""Scheduled Out Date/Time"": 0, ""Scheduled In Date/Time"": 0, ""_source_file"": 0}",6395,/Users/lin_/Numerati_Summer_NYISO/data/raw/nyiso/rt_scheduled_transmission_outages/20230401SCLineOutages_csv.parquet,,
rt_scheduled_transmission_outages,NYISO MIS P-54A,READY,2023-05,https://mis.nyiso.com/public/csv/schedlineoutages/20230501SCLineOutages_csv.zip,2026-07-17T10:35:18.897436-04:00,1756084,"[""Timestamp"", ""PTID"", ""Equipment Name"", ""Scheduled Out Date/Time"", ""Scheduled In Date/Time"", ""_source_file""]","[""Timestamp"", ""PTID"", ""Equipment Name"", ""Scheduled Out Date/Time"", ""Scheduled In Date/Time"", ""_source_file""]",2023-05-01 00:00:00,2023-05-31 23:55:00,,"{""Timestamp"": 0, ""PTID"": 0, ""Equipment Name"": 0, ""Scheduled Out Date/Time"": 0, ""Scheduled In Date/Time"": 0, ""_source_file"": 0}",5517,/Users/lin_/Numerati_Summer_NYISO/data/raw/nyiso/rt_scheduled_transmission_outages/20230501SCLineOutages_csv.parquet,,
rt_scheduled_transmission_outages,NYISO MIS P-54A,READY,2023-06,https://mis.nyiso.com/public/csv/schedlineoutages/20230601SCLineOutages_csv.zip,2026-07-17T10:35:37.321264-04:00,1347885,"[""Timestamp"", ""PTID"", ""Equipment Name"", ""Scheduled Out Date/Time"", ""Scheduled In Date/Time"", ""_source_file""]","[""Timestamp"", ""PTID"", ""Equipment Name"", ""Scheduled Out Date/Time"", ""Scheduled In Date/Time"", ""_source_file""]",2023-06-01 00:00:00,2023-06-30 23:55:00,,"{""Timestamp"": 0, ""PTID"": 0, ""Equipment Name"": 0, ""Scheduled Out Date/Time"": 0, ""Scheduled In Date/Time"": 0, ""_source_file"": 0}",1604,/Users/lin_/Numerati_Summer_NYISO/data/raw/nyiso/rt_scheduled_transmission_outages/20230601SCLineOutages_csv.parquet,,
rt_scheduled_transmission_outages,NYISO MIS P-54A,READY,2023-07,https://mis.nyiso.com/public/csv/schedlineoutages/20230701SCLineOutages_csv.zip,2026-07-17T10:35:50.329253-04:00,1121806,"[""Timestamp"", ""PTID"", ""Equipment Name"", ""Scheduled Out Date/Time"", ""Scheduled In Date/Time"", ""_source_file""]","[""Timestamp"", ""PTID"", ""Equipment Name"", ""Scheduled Out Date/Time"", ""Scheduled In Date/Time"", ""_source_file""]",2023-07-01 00:00:00,2023-07-31 23:55:00,,"{""Timestamp"": 0, ""PTID"": 0, ""Equipment Name"": 0, ""Scheduled Out Date/Time"": 0, ""Scheduled In Date/Time"": 0, ""_source_file"": 0}",1652,/Users/lin_/Numerati_Summer_NYISO/data/raw/nyiso/rt_scheduled_transmission_outages/20230701SCLineOutages_csv.parquet,,
rt_scheduled_transmission_outages,NYISO MIS P-54A,READY,2023-08,https://mis.nyiso.com/public/csv/schedlineoutages/20230801SCLineOutages_csv.zip,2026-07-17T10:36:00.935744-04:00,1215855,"[""Timestamp"", ""PTID"", ""Equipment Name"", ""Scheduled Out Date/Time"", ""Scheduled In Date/Time"", ""_source_file""]","[""Timestamp"", ""PTID"", ""Equipment Name"", ""Scheduled Out Date/Time"", ""Scheduled In Date/Time"", ""_source_file""]",2023-08-01 00:00:00,2023-08-31 23:55:00,,"{""Timestamp"": 0, ""PTID"": 0, ""Equipment Name"": 0, ""Scheduled Out Date/Time"": 0, ""Scheduled In Date/Time"": 0, ""_source_file"": 0}",2593,/Users/lin_/Numerati_Summer_NYISO/data/raw/nyiso/rt_scheduled_transmission_outages/20230801SCLineOutages_csv.parquet,,
rt_scheduled_transmission_outages,NYISO MIS P-54A,READY,2023-09,https://mis.nyiso.com/public/csv/schedlineoutages/20230901SCLineOutages_csv.zip,2026-07-17T10:36:13.670009-04:00,1423581,"[""Timestamp"", ""PTID"", ""Equipment Name"", ""Scheduled Out Date/Time"", ""Scheduled In Date/Time"", ""_source_file""]","[""Timestamp"", ""PTID"", ""Equipment Name"", ""Scheduled Out Date/Time"", ""Scheduled In Date/Time"", ""_source_file""]",2023-09-01 00:00:00,2023-09-30 23:55:00,,"{""Timestamp"": 0, ""PTID"": 0, ""Equipment Name"": 0, ""Scheduled Out Date/Time"": 0, ""Scheduled In Date/Time"": 0, ""_source_file"": 0}",2345,/Users/lin_/Numerati_Summer_NYISO/data/raw/nyiso/rt_scheduled_transmission_outages/20230901SCLineOutages_csv.parquet,,
rt_scheduled_transmission_outages,NYISO MIS P-54A,READY,2023-10,https://mis.nyiso.com/public/csv/schedlineoutages/20231001SCLineOutages_csv.zip,2026-07-17T10:36:28.231195-04:00,1817820,"[""Timestamp"", ""PTID"", ""Equipment Name"", ""Scheduled Out Date/Time"", ""Scheduled In Date/Time"", ""_source_file""]","[""Timestamp"", ""PTID"", ""Equipment Name"", ""Scheduled Out Date/Time"", ""Scheduled In Date/Time"", ""_source_file""]",2023-10-01 00:00:00,2023-10-31 23:55:00,,"{""Timestamp"": 0, ""PTID"": 0, ""Equipment Name"": 0, ""Scheduled Out Date/Time"": 0, ""Scheduled In Date/Time"": 0, ""_source_file"": 0}",3094,/Users/lin_/Numerati_Summer_NYISO/data/raw/nyiso/rt_scheduled_transmission_outages/20231001SCLineOutages_csv.parquet,,
rt_scheduled_transmission_outages,NYISO MIS P-54A,READY,2023-11,https://mis.nyiso.com/public/csv/schedlineoutages/20231101SCLineOutages_csv.zip,2026-07-17T10:36:46.889965-04:00,1701044,"[""Timestamp"", ""PTID"", ""Equipment Name"", ""Scheduled Out Date/Time"", ""Scheduled In Date/Time"", ""_source_file""]","[""Timestamp"", ""PTID"", ""Equipment Name"", ""Scheduled Out Date/Time"", ""Scheduled In Date/Time"", ""_source_file""]",2023-11-01 00:00:00,2023-11-30 23:55:00,,"{""Timestamp"": 0, ""PTID"": 0, ""Equipment Name"": 0, ""Scheduled Out Date/Time"": 0, ""Scheduled In Date/Time"": 0, ""_source_file"": 0}",5084,/Users/lin_/Numerati_Summer_NYISO/data/raw/nyiso/rt_scheduled_transmission_outages/20231101SCLineOutages_csv.parquet,,
rt_scheduled_transmission_outages,NYISO MIS P-54A,READY,2023-12,https://mis.nyiso.com/public/csv/schedlineoutages/20231201SCLineOutages_csv.zip,2026-07-17T10:37:04.547498-04:00,1424157,"[""Timestamp"", ""PTID"", ""Equipment Name"", ""Scheduled Out Date/Time"", ""Scheduled In Date/Time"", ""_source_file""]","[""Timestamp"", ""PTID"", ""Equipment Name"", ""Scheduled Out Date/Time"", ""Scheduled In Date/Time"", ""_source_file""]",2023-12-01 00:00:00,2023-12-31 23:55:00,,"{""Timestamp"": 0, ""PTID"": 0, ""Equipment Name"": 0, ""Scheduled Out Date/Time"": 0, ""Scheduled In Date/Time"": 0, ""_source_file"": 0}",1123,/Users/lin_/Numerati_Summer_NYISO/data/raw/nyiso/rt_scheduled_transmission_outages/20231201SCLineOutages_csv.parquet,,
rt_scheduled_transmission_outages,NYISO MIS P-54A,READY,2024-01,https://mis.nyiso.com/public/csv/schedlineoutages/20240101SCLineOutages_csv.zip,,1385073,"[""Timestamp"", ""PTID"", ""Equipment Name"", ""Scheduled Out Date/Time"", ""Scheduled In Date/Time""]","[""Timestamp"", ""PTID"", ""Equipment Name"", ""Scheduled Out Date/Time"", ""Scheduled In Date/Time""]",2024-01-01 00:00:00,2024-01-31 23:55:00,,"{""Timestamp"": 0, ""PTID"": 0, ""Equipment Name"": 0, ""Scheduled Out Date/Time"": 0, ""Scheduled In Date/Time"": 0}",2436,/Users/lin_/Numerati_Summer_NYISO/data/raw/nyiso/rt_scheduled_transmission_outages/20240101SCLineOutages_csv.parquet,,Reused existing raw file; no archive download performed.
rt_actual_transmission_outages,NYISO MIS P-54B,READY,2022-11,https://mis.nyiso.com/public/csv/realtimelineoutages/20221101RTLineOutages_csv.zip,2026-07-17T10:37:18.929506-04:00,1601655,"[""Timestamp"", ""PTID"", ""Equipment Name"", ""Outage Date/Time"", ""_source_file""]","[""Timestamp"", ""PTID"", ""Equipment Name"", ""Outage Date/Time"", ""_source_file""]",2022-11-01 00:02:00,2022-11-30 23:57:00,,"{""Timestamp"": 0, ""PTID"": 0, ""Equipment Name"": 0, ""Outage Date/Time"": 0, ""_source_file"": 0}",13,/Users/lin_/Numerati_Summer_NYISO/data/raw/nyiso/rt_actual_transmission_outages/20221101RTLineOutages_csv.parquet,,
rt_actual_transmission_outages,NYISO MIS P-54B,READY,2022-12,https://mis.nyiso.com/public/csv/realtimelineoutages/20221201RTLineOutages_csv.zip,2026-07-17T10:37:32.852300-04:00,1455709,"[""Timestamp"", ""PTID"", ""Equipment Name"", ""Outage Date/Time"", ""_source_file""]","[""Timestamp"", ""PTID"", ""Equipment Name"", ""Outage Date/Time"", ""_source_file""]",2022-12-01 00:02:00,2022-12-31 23:57:00,,"{""Timestamp"": 0, ""PTID"": 0, ""Equipment Name"": 0, ""Outage Date/Time"": 0, ""_source_file"": 0}",0,/Users/lin_/Numerati_Summer_NYISO/data/raw/nyiso/rt_actual_transmission_outages/20221201RTLineOutages_csv.parquet,,
rt_actual_transmission_outages,NYISO MIS P-54B,READY,2023-01,https://mis.nyiso.com/public/csv/realtimelineoutages/20230101RTLineOutages_csv.zip,2026-07-17T10:37:46.161102-04:00,1379450,"[""Timestamp"", ""PTID"", ""Equipment Name"", ""Outage Date/Time"", ""_source_file""]","[""Timestamp"", ""PTID"", ""Equipment Name"", ""Outage Date/Time"", ""_source_file""]",2023-01-01 00:07:00,2023-01-31 23:57:00,,"{""Timestamp"": 0, ""PTID"": 0, ""Equipment Name"": 0, ""Outage Date/Time"": 0, ""_source_file"": 0}",401,/Users/lin_/Numerati_Summer_NYISO/data/raw/nyiso/rt_actual_transmission_outages/20230101RTLineOutages_csv.parquet,,
rt_actual_transmission_outages,NYISO MIS P-54B,READY,2023-02,https://mis.nyiso.com/public/csv/realtimelineoutages/20230201RTLineOutages_csv.zip,2026-07-17T10:37:58.748454-04:00,1250045,"[""Timestamp"", ""PTID"", ""Equipment Name"", ""Outage Date/Time"", ""_source_file""]","[""Timestamp"", ""PTID"", ""Equipment Name"", ""Outage Date/Time"", ""_source_file""]",2023-02-01 00:02:00,2023-02-28 23:57:00,,"{""Timestamp"": 0, ""PTID"": 0, ""Equipment Name"": 0, ""Outage Date/Time"": 0, ""_source_file"": 0}",0,/Users/lin_/Numerati_Summer_NYISO/data/raw/nyiso/rt_actual_transmission_outages/20230201RTLineOutages_csv.parquet,,
rt_actual_transmission_outages,NYISO MIS P-54B,READY,2023-03,https://mis.nyiso.com/public/csv/realtimelineoutages/20230301RTLineOutages_csv.zip,2026-07-17T10:38:09.008735-04:00,1644696,"[""Timestamp"", ""PTID"", ""Equipment Name"", ""Outage Date/Time"", ""_source_file""]","[""Timestamp"", ""PTID"", ""Equipment Name"", ""Outage Date/Time"", ""_source_file""]",2023-03-01 00:02:00,2023-03-31 23:57:00,,"{""Timestamp"": 0, ""PTID"": 0, ""Equipment Name"": 0, ""Outage Date/Time"": 0, ""_source_file"": 0}",1,/Users/lin_/Numerati_Summer_NYISO/data/raw/nyiso/rt_actual_transmission_outages/20230301RTLineOutages_csv.parquet,,
rt_actual_transmission_outages,NYISO MIS P-54B,READY,2023-04,https://mis.nyiso.com/public/csv/realtimelineoutages/20230401RTLineOutages_csv.zip,2026-07-17T10:38:24.934200-04:00,1696210,"[""Timestamp"", ""PTID"", ""Equipment Name"", ""Outage Date/Time"", ""_source_file""]","[""Timestamp"", ""PTID"", ""Equipment Name"", ""Outage Date/Time"", ""_source_file""]",2023-04-01 00:02:00,2023-04-30 23:57:00,,"{""Timestamp"": 0, ""PTID"": 0, ""Equipment Name"": 0, ""Outage Date/Time"": 0, ""_source_file"": 0}",0,/Users/lin_/Numerati_Summer_NYISO/data/raw/nyiso/rt_actual_transmission_outages/20230401RTLineOutages_csv.parquet,,
rt_actual_transmission_outages,NYISO MIS P-54B,READY,2023-05,https://mis.nyiso.com/public/csv/realtimelineoutages/20230501RTLineOutages_csv.zip,2026-07-17T10:38:39.060119-04:00,1624581,"[""Timestamp"", ""PTID"", ""Equipment Name"", ""Outage Date/Time"", ""_source_file""]","[""Timestamp"", ""PTID"", ""Equipment Name"", ""Outage Date/Time"", ""_source_file""]",2023-05-01 00:02:00,2023-05-31 23:57:00,,"{""Timestamp"": 0, ""PTID"": 0, ""Equipment Name"": 0, ""Outage Date/Time"": 0, ""_source_file"": 0}",0,/Users/lin_/Numerati_Summer_NYISO/data/raw/nyiso/rt_actual_transmission_outages/20230501RTLineOutages_csv.parquet,,
rt_actual_transmission_outages,NYISO MIS P-54B,READY,2023-06,https://mis.nyiso.com/public/csv/realtimelineoutages/20230601RTLineOutages_csv.zip,2026-07-17T10:38:53.205771-04:00,1266029,"[""Timestamp"", ""PTID"", ""Equipment Name"", ""Outage Date/Time"", ""_source_file""]","[""Timestamp"", ""PTID"", ""Equipment Name"", ""Outage Date/Time"", ""_source_file""]",2023-06-01 00:02:00,2023-06-30 23:57:00,,"{""Timestamp"": 0, ""PTID"": 0, ""Equipment Name"": 0, ""Outage Date/Time"": 0, ""_source_file"": 0}",0,/Users/lin_/Numerati_Summer_NYISO/data/raw/nyiso/rt_actual_transmission_outages/20230601RTLineOutages_csv.parquet,,
rt_actual_transmission_outages,NYISO MIS P-54B,READY,2023-07,https://mis.nyiso.com/public/csv/realtimelineoutages/20230701RTLineOutages_csv.zip,2026-07-17T10:39:04.676540-04:00,1056901,"[""Timestamp"", ""PTID"", ""Equipment Name"", ""Outage Date/Time"", ""_source_file""]","[""Timestamp"", ""PTID"", ""Equipment Name"", ""Outage Date/Time"", ""_source_file""]",2023-07-01 00:02:00,2023-07-31 23:57:00,,"{""Timestamp"": 0, ""PTID"": 0, ""Equipment Name"": 0, ""Outage Date/Time"": 0, ""_source_file"": 0}",0,/Users/lin_/Numerati_Summer_NYISO/data/raw/nyiso/rt_actual_transmission_outages/20230701RTLineOutages_csv.parquet,,
rt_actual_transmission_outages,NYISO MIS P-54B,READY,2023-08,https://mis.nyiso.com/public/csv/realtimelineoutages/20230801RTLineOutages_csv.zip,2026-07-17T10:39:12.956345-04:00,1197202,"[""Timestamp"", ""PTID"", ""Equipment Name"", ""Outage Date/Time"", ""_source_file""]","[""Timestamp"", ""PTID"", ""Equipment Name"", ""Outage Date/Time"", ""_source_file""]",2023-08-01 00:02:01,2023-08-31 23:57:00,,"{""Timestamp"": 0, ""PTID"": 0, ""Equipment Name"": 0, ""Outage Date/Time"": 0, ""_source_file"": 0}",0,/Users/lin_/Numerati_Summer_NYISO/data/raw/nyiso/rt_actual_transmission_outages/20230801RTLineOutages_csv.parquet,,
rt_actual_transmission_outages,NYISO MIS P-54B,READY,2023-09,https://mis.nyiso.com/public/csv/realtimelineoutages/20230901RTLineOutages_csv.zip,2026-07-17T10:39:23.367106-04:00,1267665,"[""Timestamp"", ""PTID"", ""Equipment Name"", ""Outage Date/Time"", ""_source_file""]","[""Timestamp"", ""PTID"", ""Equipment Name"", ""Outage Date/Time"", ""_source_file""]",2023-09-01 00:02:00,2023-09-30 23:57:00,,"{""Timestamp"": 0, ""PTID"": 0, ""Equipment Name"": 0, ""Outage Date/Time"": 0, ""_source_file"": 0}",0,/Users/lin_/Numerati_Summer_NYISO/data/raw/nyiso/rt_actual_transmission_outages/20230901RTLineOutages_csv.parquet,,
rt_actual_transmission_outages,NYISO MIS P-54B,READY,2023-10,https://mis.nyiso.com/public/csv/realtimelineoutages/20231001RTLineOutages_csv.zip,2026-07-17T10:39:34.623570-04:00,1632948,"[""Timestamp"", ""PTID"", ""Equipment Name"", ""Outage Date/Time"", ""_source_file""]","[""Timestamp"", ""PTID"", ""Equipment Name"", ""Outage Date/Time"", ""_source_file""]",2023-10-01 00:02:00,2023-10-31 23:57:00,,"{""Timestamp"": 0, ""PTID"": 0, ""Equipment Name"": 0, ""Outage Date/Time"": 0, ""_source_file"": 0}",1,/Users/lin_/Numerati_Summer_NYISO/data/raw/nyiso/rt_actual_transmission_outages/20231001RTLineOutages_csv.parquet,,
rt_actual_transmission_outages,NYISO MIS P-54B,READY,2023-11,https://mis.nyiso.com/public/csv/realtimelineoutages/20231101RTLineOutages_csv.zip,2026-07-17T10:39:50.308239-04:00,1607586,"[""Timestamp"", ""PTID"", ""Equipment Name"", ""Outage Date/Time"", ""_source_file""]","[""Timestamp"", ""PTID"", ""Equipment Name"", ""Outage Date/Time"", ""_source_file""]",2023-11-01 00:02:00,2023-11-30 23:57:00,,"{""Timestamp"": 0, ""PTID"": 0, ""Equipment Name"": 0, ""Outage Date/Time"": 0, ""_source_file"": 0}",0,/Users/lin_/Numerati_Summer_NYISO/data/raw/nyiso/rt_actual_transmission_outages/20231101RTLineOutages_csv.parquet,,
rt_actual_transmission_outages,NYISO MIS P-54B,READY,2023-12,https://mis.nyiso.com/public/csv/realtimelineoutages/20231201RTLineOutages_csv.zip,2026-07-17T10:40:04.433495-04:00,1339993,"[""Timestamp"", ""PTID"", ""Equipment Name"", ""Outage Date/Time"", ""_source_file""]","[""Timestamp"", ""PTID"", ""Equipment Name"", ""Outage Date/Time"", ""_source_file""]",2023-12-01 00:02:00,2023-12-31 23:57:00,,"{""Timestamp"": 0, ""PTID"": 0, ""Equipment Name"": 0, ""Outage Date/Time"": 0, ""_source_file"": 0}",0,/Users/lin_/Numerati_Summer_NYISO/data/raw/nyiso/rt_actual_transmission_outages/20231201RTLineOutages_csv.parquet,,
rt_actual_transmission_outages,NYISO MIS P-54B,READY,2024-01,https://mis.nyiso.com/public/csv/realtimelineoutages/20240101RTLineOutages_csv.zip,,1273957,"[""Timestamp"", ""PTID"", ""Equipment Name"", ""Outage Date/Time""]","[""Timestamp"", ""PTID"", ""Equipment Name"", ""Outage Date/Time""]",2024-01-01 00:02:00,2024-01-31 23:57:00,,"{""Timestamp"": 0, ""PTID"": 0, ""Equipment Name"": 0, ""Outage Date/Time"": 0}",0,/Users/lin_/Numerati_Summer_NYISO/data/raw/nyiso/rt_actual_transmission_outages/20240101RTLineOutages_csv.parquet,,Reused existing raw file; no archive download performed.
da_scheduled_transmission_outages,NYISO MIS P-54C,READY,2022-11,https://mis.nyiso.com/public/csv/outSched/20221101outSched_csv.zip,2026-07-17T10:40:16.885830-04:00,5280,"[""Timestamp"", ""PTID"", ""Equipment Name"", ""Scheduled Out Date/Time"", ""Scheduled In Date/Time"", ""_source_file""]","[""Timestamp"", ""PTID"", ""Equipment Name"", ""Scheduled Out Date/Time"", ""Scheduled In Date/Time"", ""_source_file""]",2022-11-01 00:00:00,2022-11-30 00:00:00,,"{""Timestamp"": 0, ""PTID"": 0, ""Equipment Name"": 0, ""Scheduled Out Date/Time"": 0, ""Scheduled In Date/Time"": 0, ""_source_file"": 0}",0,/Users/lin_/Numerati_Summer_NYISO/data/raw/nyiso/da_scheduled_transmission_outages/20221101outSched_csv.parquet,,
da_scheduled_transmission_outages,NYISO MIS P-54C,READY,2022-12,https://mis.nyiso.com/public/csv/outSched/20221201outSched_csv.zip,2026-07-17T10:40:17.270708-04:00,4473,"[""Timestamp"", ""PTID"", ""Equipment Name"", ""Scheduled Out Date/Time"", ""Scheduled In Date/Time"", ""_source_file""]","[""Timestamp"", ""PTID"", ""Equipment Name"", ""Scheduled Out Date/Time"", ""Scheduled In Date/Time"", ""_source_file""]",2022-12-01 00:00:00,2022-12-31 00:00:00,,"{""Timestamp"": 0, ""PTID"": 0, ""Equipment Name"": 0, ""Scheduled Out Date/Time"": 0, ""Scheduled In Date/Time"": 0, ""_source_file"": 0}",0,/Users/lin_/Numerati_Summer_NYISO/data/raw/nyiso/da_scheduled_transmission_outages/20221201outSched_csv.parquet,,
da_scheduled_transmission_outages,NYISO MIS P-54C,READY,2023-01,https://mis.nyiso.com/public/csv/outSched/20230101outSched_csv.zip,2026-07-17T10:40:17.578557-04:00,4451,"[""Timestamp"", ""PTID"", ""Equipment Name"", ""Scheduled Out Date/Time"", ""Scheduled In Date/Time"", ""_source_file""]","[""Timestamp"", ""PTID"", ""Equipment Name"", ""Scheduled Out Date/Time"", ""Scheduled In Date/Time"", ""_source_file""]",2023-01-01 00:00:00,2023-01-31 00:00:00,,"{""Timestamp"": 0, ""PTID"": 0, ""Equipment Name"": 0, ""Scheduled Out Date/Time"": 0, ""Scheduled In Date/Time"": 0, ""_source_file"": 0}",0,/Users/lin_/Numerati_Summer_NYISO/data/raw/nyiso/da_scheduled_transmission_outages/20230101outSched_csv.parquet,,
da_scheduled_transmission_outages,NYISO MIS P-54C,READY,2023-02,https://mis.nyiso.com/public/csv/outSched/20230201outSched_csv.zip,2026-07-17T10:40:17.997230-04:00,3780,"[""Timestamp"", ""PTID"", ""Equipment Name"", ""Scheduled Out Date/Time"", ""Scheduled In Date/Time"", ""_source_file""]","[""Timestamp"", ""PTID"", ""Equipment Name"", ""Scheduled Out Date/Time"", ""Scheduled In Date/Time"", ""_source_file""]",2023-02-01 00:00:00,2023-02-28 00:00:00,,"{""Timestamp"": 0, ""PTID"": 0, ""Equipment Name"": 0, ""Scheduled Out Date/Time"": 0, ""Scheduled In Date/Time"": 0, ""_source_file"": 0}",0,/Users/lin_/Numerati_Summer_NYISO/data/raw/nyiso/da_scheduled_transmission_outages/20230201outSched_csv.parquet,,
da_scheduled_transmission_outages,NYISO MIS P-54C,READY,2023-03,https://mis.nyiso.com/public/csv/outSched/20230301outSched_csv.zip,2026-07-17T10:40:18.280553-04:00,5214,"[""Timestamp"", ""PTID"", ""Equipment Name"", ""Scheduled Out Date/Time"", ""Scheduled In Date/Time"", ""_source_file""]","[""Timestamp"", ""PTID"", ""Equipment Name"", ""Scheduled Out Date/Time"", ""Scheduled In Date/Time"", ""_source_file""]",2023-03-01 00:00:00,2023-03-31 00:00:00,,"{""Timestamp"": 0, ""PTID"": 0, ""Equipment Name"": 0, ""Scheduled Out Date/Time"": 0, ""Scheduled In Date/Time"": 0, ""_source_file"": 0}",0,/Users/lin_/Numerati_Summer_NYISO/data/raw/nyiso/da_scheduled_transmission_outages/20230301outSched_csv.parquet,,
da_scheduled_transmission_outages,NYISO MIS P-54C,READY,2023-04,https://mis.nyiso.com/public/csv/outSched/20230401outSched_csv.zip,2026-07-17T10:40:18.768263-04:00,5344,"[""Timestamp"", ""PTID"", ""Equipment Name"", ""Scheduled Out Date/Time"", ""Scheduled In Date/Time"", ""_source_file""]","[""Timestamp"", ""PTID"", ""Equipment Name"", ""Scheduled Out Date/Time"", ""Scheduled In Date/Time"", ""_source_file""]",2023-04-01 00:00:00,2023-04-30 00:00:00,,"{""Timestamp"": 0, ""PTID"": 0, ""Equipment Name"": 0, ""Scheduled Out Date/Time"": 0, ""Scheduled In Date/Time"": 0, ""_source_file"": 0}",0,/Users/lin_/Numerati_Summer_NYISO/data/raw/nyiso/da_scheduled_transmission_outages/20230401outSched_csv.parquet,,
da_scheduled_transmission_outages,NYISO MIS P-54C,READY,2023-05,https://mis.nyiso.com/public/csv/outSched/20230501outSched_csv.zip,2026-07-17T10:40:19.563072-04:00,5235,"[""Timestamp"", ""PTID"", ""Equipment Name"", ""Scheduled Out Date/Time"", ""Scheduled In Date/Time"", ""_source_file""]","[""Timestamp"", ""PTID"", ""Equipment Name"", ""Scheduled Out Date/Time"", ""Scheduled In Date/Time"", ""_source_file""]",2023-05-01 00:00:00,2023-05-31 00:00:00,,"{""Timestamp"": 0, ""PTID"": 0, ""Equipment Name"": 0, ""Scheduled Out Date/Time"": 0, ""Scheduled In Date/Time"": 0, ""_source_file"": 0}",0,/Users/lin_/Numerati_Summer_NYISO/data/raw/nyiso/da_scheduled_transmission_outages/20230501outSched_csv.parquet,,
da_scheduled_transmission_outages,NYISO MIS P-54C,READY,2023-06,https://mis.nyiso.com/public/csv/outSched/20230601outSched_csv.zip,2026-07-17T10:40:20.007276-04:00,3856,"[""Timestamp"", ""PTID"", ""Equipment Name"", ""Scheduled Out Date/Time"", ""Scheduled In Date/Time"", ""_source_file""]","[""Timestamp"", ""PTID"", ""Equipment Name"", ""Scheduled Out Date/Time"", ""Scheduled In Date/Time"", ""_source_file""]",2023-06-01 00:00:00,2023-06-30 00:00:00,,"{""Timestamp"": 0, ""PTID"": 0, ""Equipment Name"": 0, ""Scheduled Out Date/Time"": 0, ""Scheduled In Date/Time"": 0, ""_source_file"": 0}",0,/Users/lin_/Numerati_Summer_NYISO/data/raw/nyiso/da_scheduled_transmission_outages/20230601outSched_csv.parquet,,
da_scheduled_transmission_outages,NYISO MIS P-54C,READY,2023-07,https://mis.nyiso.com/public/csv/outSched/20230701outSched_csv.zip,2026-07-17T10:40:20.320538-04:00,3066,"[""Timestamp"", ""PTID"", ""Equipment Name"", ""Scheduled Out Date/Time"", ""Scheduled In Date/Time"", ""_source_file""]","[""Timestamp"", ""PTID"", ""Equipment Name"", ""Scheduled Out Date/Time"", ""Scheduled In Date/Time"", ""_source_file""]",2023-07-01 00:00:00,2023-07-31 00:00:00,,"{""Timestamp"": 0, ""PTID"": 0, ""Equipment Name"": 0, ""Scheduled Out Date/Time"": 0, ""Scheduled In Date/Time"": 0, ""_source_file"": 0}",0,/Users/lin_/Numerati_Summer_NYISO/data/raw/nyiso/da_scheduled_transmission_outages/20230701outSched_csv.parquet,,
da_scheduled_transmission_outages,NYISO MIS P-54C,READY,2023-08,https://mis.nyiso.com/public/csv/outSched/20230801outSched_csv.zip,2026-07-17T10:40:20.638367-04:00,3338,"[""Timestamp"", ""PTID"", ""Equipment Name"", ""Scheduled Out Date/Time"", ""Scheduled In Date/Time"", ""_source_file""]","[""Timestamp"", ""PTID"", ""Equipment Name"", ""Scheduled Out Date/Time"", ""Scheduled In Date/Time"", ""_source_file""]",2023-08-01 00:00:00,2023-08-31 00:00:00,,"{""Timestamp"": 0, ""PTID"": 0, ""Equipment Name"": 0, ""Scheduled Out Date/Time"": 0, ""Scheduled In Date/Time"": 0, ""_source_file"": 0}",0,/Users/lin_/Numerati_Summer_NYISO/data/raw/nyiso/da_scheduled_transmission_outages/20230801outSched_csv.parquet,,
da_scheduled_transmission_outages,NYISO MIS P-54C,READY,2023-09,https://mis.nyiso.com/public/csv/outSched/20230901outSched_csv.zip,2026-07-17T10:40:21.057986-04:00,4079,"[""Timestamp"", ""PTID"", ""Equipment Name"", ""Scheduled Out Date/Time"", ""Scheduled In Date/Time"", ""_source_file""]","[""Timestamp"", ""PTID"", ""Equipment Name"", ""Scheduled Out Date/Time"", ""Scheduled In Date/Time"", ""_source_file""]",2023-09-01 00:00:00,2023-09-30 00:00:00,,"{""Timestamp"": 0, ""PTID"": 0, ""Equipment Name"": 0, ""Scheduled Out Date/Time"": 0, ""Scheduled In Date/Time"": 0, ""_source_file"": 0}",0,/Users/lin_/Numerati_Summer_NYISO/data/raw/nyiso/da_scheduled_transmission_outages/20230901outSched_csv.parquet,,
da_scheduled_transmission_outages,NYISO MIS P-54C,READY,2023-10,https://mis.nyiso.com/public/csv/outSched/20231001outSched_csv.zip,2026-07-17T10:40:21.366713-04:00,5246,"[""Timestamp"", ""PTID"", ""Equipment Name"", ""Scheduled Out Date/Time"", ""Scheduled In Date/Time"", ""_source_file""]","[""Timestamp"", ""PTID"", ""Equipment Name"", ""Scheduled Out Date/Time"", ""Scheduled In Date/Time"", ""_source_file""]",2023-10-01 00:00:00,2023-10-31 00:00:00,,"{""Timestamp"": 0, ""PTID"": 0, ""Equipment Name"": 0, ""Scheduled Out Date/Time"": 0, ""Scheduled In Date/Time"": 0, ""_source_file"": 0}",0,/Users/lin_/Numerati_Summer_NYISO/data/raw/nyiso/da_scheduled_transmission_outages/20231001outSched_csv.parquet,,
da_scheduled_transmission_outages,NYISO MIS P-54C,READY,2023-11,https://mis.nyiso.com/public/csv/outSched/20231101outSched_csv.zip,2026-07-17T10:40:21.932322-04:00,4833,"[""Timestamp"", ""PTID"", ""Equipment Name"", ""Scheduled Out Date/Time"", ""Scheduled In Date/Time"", ""_source_file""]","[""Timestamp"", ""PTID"", ""Equipment Name"", ""Scheduled Out Date/Time"", ""Scheduled In Date/Time"", ""_source_file""]",2023-11-01 00:00:00,2023-11-30 00:00:00,,"{""Timestamp"": 0, ""PTID"": 0, ""Equipment Name"": 0, ""Scheduled Out Date/Time"": 0, ""Scheduled In Date/Time"": 0, ""_source_file"": 0}",0,/Users/lin_/Numerati_Summer_NYISO/data/raw/nyiso/da_scheduled_transmission_outages/20231101outSched_csv.parquet,,
da_scheduled_transmission_outages,NYISO MIS P-54C,READY,2023-12,https://mis.nyiso.com/public/csv/outSched/20231201outSched_csv.zip,2026-07-17T10:40:22.354799-04:00,3800,"[""Timestamp"", ""PTID"", ""Equipment Name"", ""Scheduled Out Date/Time"", ""Scheduled In Date/Time"", ""_source_file""]","[""Timestamp"", ""PTID"", ""Equipment Name"", ""Scheduled Out Date/Time"", ""Scheduled In Date/Time"", ""_source_file""]",2023-12-01 00:00:00,2023-12-31 00:00:00,,"{""Timestamp"": 0, ""PTID"": 0, ""Equipment Name"": 0, ""Scheduled Out Date/Time"": 0, ""Scheduled In Date/Time"": 0, ""_source_file"": 0}",0,/Users/lin_/Numerati_Summer_NYISO/data/raw/nyiso/da_scheduled_transmission_outages/20231201outSched_csv.parquet,,
da_scheduled_transmission_outages,NYISO MIS P-54C,READY,2024-01,https://mis.nyiso.com/public/csv/outSched/20240101outSched_csv.zip,,3838,"[""Timestamp"", ""PTID"", ""Equipment Name"", ""Scheduled Out Date/Time"", ""Scheduled In Date/Time""]","[""Timestamp"", ""PTID"", ""Equipment Name"", ""Scheduled Out Date/Time"", ""Scheduled In Date/Time""]",2024-01-01 00:00:00,2024-01-31 00:00:00,,"{""Timestamp"": 0, ""PTID"": 0, ""Equipment Name"": 0, ""Scheduled Out Date/Time"": 0, ""Scheduled In Date/Time"": 0}",0,/Users/lin_/Numerati_Summer_NYISO/data/raw/nyiso/da_scheduled_transmission_outages/20240101outSched_csv.parquet,,Reused existing raw file; no archive download performed.
outage_schedules_latest,NYISO MIS P-14B,LATEST_ONLY,,https://mis.nyiso.com/public/csv/os/outage-schedule.csv,2026-07-17T10:40:22.950069-04:00,3250,"[""PTID"", ""Outage ID"", ""Equipment Name"", ""Equipment Type"", ""Date Out"", ""Time Out"", ""Date In"", ""Time In"", ""Called In"", ""Status"", ""Status Date"", ""Message"", ""ARR""]","[""PTID"", ""Outage ID"", ""Equipment Name"", ""Equipment Type"", ""Date Out"", ""Time Out"", ""Date In"", ""Time In"", ""Called In"", ""Status"", ""Status Date"", ""Message"", ""ARR""]",2014-06-16 07:00:00,2035-12-31 23:59:00,,"{""PTID"": 0, ""Outage ID"": 0, ""Equipment Name"": 0, ""Equipment Type"": 0, ""Date Out"": 0, ""Time Out"": 0, ""Date In"": 0, ""Time In"": 0, ""Called In"": 0, ""Status"": 2913, ""Status Date"": 2920, ""Message"": 2920, ""ARR"": 3210}",0,/Users/lin_/Numerati_Summer_NYISO/data/raw/nyiso/outage_schedules_latest/outage-schedule_20260717T104022-0400.csv,,"Latest-only snapshot; NYISO P-14B index exposes no historical archive, so it does not provide the configured historical window."
p15_generation_outage_forecast,NYISO MIS P-15,LATEST_ONLY,,https://mis.nyiso.com/public/csv/genmaint/gen_maint_report.csv,2026-07-17T10:40:24.079546-04:00,31,"[""Date"", ""generation_outage_mw"", ""retrieval_time""]","[""Date"", ""Forecasted Generation Outage (MW)""]",2026-07-17 00:00:00,2026-08-16 00:00:00,,"{""Date"": 0, ""generation_outage_mw"": 0, ""retrieval_time"": 0}",0,/Users/lin_/Numerati_Summer_NYISO/data/raw/nyiso/p15/p15_snapshot_20260717T104024-0400.csv,,Current/future aggregate daily forecast MW snapshot; not outage-event data and not an event count.
weather_albany_dev_sample,Open-Meteo Historical Weather API,READY,,https://archive-api.open-meteo.com/v1/archive?latitude=42.6526&longitude=-73.7562&start_date=2022-11-01&end_date=2024-01-08&hourly=temperature_2m%2Cprecipitation%2Cwind_speed_10m%2Crelative_humidity_2m&timezone=UTC&format=csv,2026-07-17T11:21:52.240188-04:00,10416,"[""time"", ""temperature_2m (\u00b0C)"", ""precipitation (mm)"", ""wind_speed_10m (km/h)"", ""relative_humidity_2m (%)""]","[""time"", ""temperature_2m (\u00b0C)"", ""precipitation (mm)"", ""wind_speed_10m (km/h)"", ""relative_humidity_2m (%)""]",2022-11-01 00:00:00,2024-01-08 23:00:00,,"{""time"": 0, ""temperature_2m (\u00b0C)"": 0, ""precipitation (mm)"": 0, ""wind_speed_10m (km/h)"": 0, ""relative_humidity_2m (%)"": 0}",0,/Users/lin_/Numerati_Summer_NYISO/data/raw/open_meteo/albany/albany_2022-11-01_2024-01-07_utc_buffered_20260717T112152-0400.csv,,Single Albany coordinate for development only; timestamps requested in UTC with a one-day end buffer for explicit America/New_York DST conversion and local-date filtering.
